units_block_idx: None
invest_block_idx: None
udyam_units: None
udyam_investment: None
structured_data: {'Customer Name': 'Holding Status', 'Customer ID': '5XXXX934', 'Total Debit (Withdrawals)': '3,821,903.98', 'Total Credit (Deposits)': '3,834,338.00', 'Net Cash Flow': '12,434.02', 'Account Number': '100136971745', 'Account Type': 'INDUS PRIVILEGE', 'Bank Name': 'IndusInd Bank', 'Branch Name': 'Not Found', 'IFSC Code': 'INDB0000314', 'Account Holder Type': 'Primary Holder', 'Customer Address': 'Not Found', 'Mobile Number': '+91 XXXXXX1512', 'Currency': 'INR', 'Statement Start Date': '01 Feb 2026', 'Statement End Date': '23 Jun 2026', 'Opening Balance': 'Not Found', 'Closing Balance': '15644.90', 'Lien Amount': '0.00', 'Nomination Status': 'Yes'}
raw_text:
                                                                                  
                                                                                  
                                                                                  
                                                                                  
       Account Statement                                                          
       100136971745                                                               
                                                                                  
                                                                                  
       AMIT KUMAR SHAW                   Date: 23 Jun 2026                        
                                         Period: 01 Feb 2026 - 23 Jun 2026        
       1/43 ARBINDA NAGAR, NEAR GOLF GREEN, NA,                                   
       KOLKATA,                                                                   
       WEST BENGAL 700032,                                                        
       INDIA.                                                                     
       Mob.No / Tel.: +91 XXXXXX1512                                              
                                                                                  
                                                                                  
                                                                                  
                                                                                  
       Customer Details                                                           
                                                                                  
           Name                      Holding Status        Customer ID            
                                                                                  
           AMIT KUMAR SHAW           Primary Holder        5XXXX934               
                                                                                  
                                                                                  
       Account Summary                                                            
                                                                                  
           Account No.  Account Type   Currency    Lien Amount   Balance          
                                                                                  
          100136971745 INDUS PRIVILEGE  INR           0.00        15644.90        
                           MAX                                                    
                                                                                  
                                                                                  
       Transaction History                                                        
                                                                                  
         Statement Period: 01 Feb 2026 - 23 Jun 2026 Branch IFSC Code: INDB0000314
                                                                                  
         Nomination Registered: Yes                                               
                                                                                  
        Date      Particulars      Chq No/Ref No Withdrawal Deposit Balance       
                                                                                  
                                                                                  
        22 Jun 2026 UPI/841502542907/DR/CH S95162266 337.00   0.00 15644.90       
                  AN/UBIN/1976dhara@oksbi                                         
                                                                                  
        22 Jun 2026 NFS CASH TXN/IN/RAMPA S87027522 10000.00  0.00 15981.90       
                  MB PO TARAPITH PSRAM                                            
                  PURHAT                                                          
                                                                                  
        21 Jun 2026 NFS CASH TXN/IN/RAMPA S77449774 5000.00   0.00 25981.90       
                  MB PO TARAPITH PSRAM                                            
                  PURHAT                                                          
                                                                                  
        21 Jun 2026 UPI/506453059453/CR/GO S77383098 0.00  25000.00 30981.90      
                  VI/BKID/vindjha1978@ybl/P                                       
                  aym                                                             
                                                                                  
        21 Jun 2026 UPI/390399757380/DR/CO S73246735 1170.00  0.00  5981.90       
                  NF/AIRP/to.payu@mairtel                                         
                                                                                  
                                                                                  
                                                                                  
                                                                                  
                                                                                  
                                                                                  
                                                                                  
                                                                                  
                                                                                  
        Date      Particulars      Chq No/Ref No Withdrawal Deposit Balance       
                                                                                  
        20 Jun 2026 UPI/450177076731/DR/DE S62858513 901.00   0.00  7151.90       
                  VP/AIRP/18.rzp@rxairtel                                         
                                                                                  
        20 Jun 2026 UPI/579574728570/DR/Ta S59502595 20.00    0.00  8052.90       
                  nm/BARB/8617762557@y                                            
                  bl                                                              
                                                                                  
        20 Jun 2026 UPI/617142830208/DR/Go S59499634 99.00    0.00  8072.90       
                  od/YESB/ICARDONLINE@y                                           
                  bl                                                              
                                                                                  
        20 Jun 2026 UPI/978319974422/DR/Ex S57761602 100.00   0.00  8171.90       
                  ec/YESB/Q469408053@ybl                                          
                                                                                  
        20 Jun 2026 UPI/976916012890/DR/KC S56922827 1098.00  0.00  8271.90       
                  D/RATN/prpzx7iszd@rapl                                          
                                                                                  
                                                                                  
        20 Jun 2026 UPI/926140270741/DR/SC S56868048 1200.00  0.00  9369.90       
                  OT/CNRB/scotland@ybl                                            
                                                                                  
        20 Jun 2026 UPI/961893078491/DR/KA S56231480 370.00   0.00 10569.90       
                  LA/YESB/ytm.s1sn26v@pty                                         
                                                                                  
        20 Jun 2026 UPI/031396624918/DR/Air S55307864 403.00  0.00 10939.90       
                  t/YESB/LPREDIRECT1@ybl                                          
                                                                                  
        20 Jun 2026 UPI/544207921557/DR/AN S55295333 2000.00  0.00 11342.90       
                  UP/PPIW/9p9k6ldikxz@mb                                          
                  k                                                               
                                                                                  
        19 Jun 2026 UPI/390693176210/DR/Rin S50178083 1500.00 0.00 13342.90       
                  k/BARB/8017695671@ybl                                           
                                                                                  
        19 Jun 2026 UPI/278237392511/DR/CO S48505104 765.00   0.00 14842.90       
                  NF/AIRP/to.payu@mairtel                                         
                                                                                  
        19 Jun 2026 ATM CASH TXN/INDUSIND S47183183 10000.00  0.00 15607.90       
                  BANK LIMITED KOLKATA                                            
                  WB                                                              
                                                                                  
        19 Jun 2026 UPI/774385332683/CR/GO S45880135 0.00  25000.00 25607.90      
                  VI/BKID/vindjha1978@ybl/P                                       
                  aym                                                             
                                                                                  
                                                                                  
        19 Jun 2026 UPI/617061265887/DR/Go S45717498 29.00    0.00   607.90       
                  od/YESB/ICARDONLINE@y                                           
                  bl                                                              
                                                                                  
        19 Jun 2026 UPI/833321891706/DR/Go S36947269 89.00    0.00   636.90       
                  og/UTIB/ystore@axisbank                                         
                                                                                  
                                                                                  
                                                                                  
                                                                                  
                                                                                  
                                                                                  
                                                                                  
                                                                                  
                                                                                  
                                                                                  
        Date      Particulars      Chq No/Ref No Withdrawal Deposit Balance       
                                                                                  
        18 Jun 2026 UPI/692351711931/DR/ZO S35562020 381.41   0.00   725.90       
                  MA/HDFC/32.rzp@hdfcban                                          
                  k                                                               
                                                                                  
        18 Jun 2026 UPI/338224648505/DR/CO S32880709 330.00   0.00  1107.31       
                  OK/YESB/Q793834412@yb                                           
                  l                                                               
                                                                                  
        18 Jun 2026 UPI/784119223174/DR/GO S26673409 2000.00  0.00  1437.31       
                  PA/YESB/Q180062975@yb                                           
                  l                                                               
                                                                                  
        18 Jun 2026 UPI/357248452177/CR/BIB S25788651 0.00  2000.00 3437.31       
                  E/SBIN/erjeebibek2@ybl/Pa                                       
                  ym                                                              
                                                                                  
        18 Jun 2026 TO ATM TXN CHRGE 31 M M477801  27.14      0.00  1437.31       
                  ay 2026                                                         
                                                                                  
        17 Jun 2026 UPI/154651074882/DR/RA S19371035 80.00    0.00  1464.45       
                  JA/SBIN/.manna.28@oksbi                                         
                                                                                  
                                                                                  
        17 Jun 2026 UPI/554793201836/DR/AC S15232676 345.00   0.00  1544.45       
                  RO/PUNB/0260953.mab@p                                           
                  nb                                                              
                                                                                  
        17 Jun 2026 UPI/100029347940/DR/KA S13285818 370.00   0.00  1889.45       
                  LA/YESB/ytm.s1sn26v@pty                                         
                                                                                  
        17 Jun 2026 UPI/833593456371/DR/PR S12466302 174.00   0.00  2259.45       
                  AN/SBIN/8777824277@axl                                          
                                                                                  
        16 Jun 2026 UPI/530990023011/DR/Ba S4089018 12000.00  0.00  2433.45       
                  nk/BARB/0711050000374                                           
                  1                                                               
                                                                                  
        16 Jun 2026 UPI/576292401758/DR/ZO S4055399 326.28    0.00 14433.45       
                  MA/HDFC/.paytm@hdfcban                                          
                  k                                                               
                                                                                  
        16 Jun 2026 UPI/770525040922/DR/Jio S2849417 353.00   0.00 14759.73       
                  /UTIB/INAPPDIRECT@axl                                           
                                                                                  
        16 Jun 2026 UPI/237299266195/CR/JOY S1964903 0.00  15000.00 15112.73      
                  /PUNB/483999819-2@axl/                                          
                  Paym                                                            
                                                                                  
                                                                                  
        16 Jun 2026 UPI/616775632949/DR/SA S98049593 99.00    0.00   112.73       
                  NA/YESB/2UX88ATL3DV@                                            
                  ybl                                                             
                                                                                  
                                                                                  
                                                                                  
                                                                                  
                                                                                  
                                                                                  
                                                                                  
                                                                                  
                                                                                  
                                                                                  
        Date      Particulars      Chq No/Ref No Withdrawal Deposit Balance       
                                                                                  
        16 Jun 2026 UPI/426193223843/DR/Ba S97414215 100.00   0.00   211.73       
                  nk/BARB/0711050000374                                           
                  1                                                               
                                                                                  
        16 Jun 2026 UPI/428940684341/DR/Mr S94825864 336.00   0.00   311.73       
                  /UTIB/43316@okbizaxis                                           
                                                                                  
        15 Jun 2026 UPI/256702771223/DR/Ba S89464857 4000.00  0.00   647.73       
                  nk/BARB/0711050000374                                           
                  2                                                               
                                                                                  
        15 Jun 2026 UPI/129376692475/DR/ZO S89443688 410.28   0.00  4647.73       
                  MA/HDFC/32.rzp@hdfcban                                          
                  k                                                               
                                                                                  
        15 Jun 2026 UPI/297872760534/DR/UB S80707579 163.45   0.00  5058.01       
                  ER/AIRP/04.rzp@rxairtel                                         
                                                                                  
                                                                                  
        14 Jun 2026 ATM CASH TXN/INDUSIND S68340687 5000.00   0.00  5221.46       
                  BANK LIMITED KOLKATA                                            
                  WB                                                              
                                                                                  
        14 Jun 2026 UPI/265020266682/DR/JO S66270941 1100.00  0.00 10221.46       
                  Y /SBIN/7483999819@ybl                                          
                                                                                  
        14 Jun 2026 UPI/554736131271/DR/CH S65833614 2000.00  0.00 11321.46       
                  AN/ICIC/9038857710@ybl                                          
                                                                                  
        14 Jun 2026 ATM CASH TXN/INDUSIND S63215106 5000.00   0.00 13321.46       
                  BANK LIMITED KOLKATA                                            
                  WB                                                              
                                                                                  
        14 Jun 2026 UPI/142095092059/DR/RU S62533403 330.00   0.00 18321.46       
                  BI/IPOS/9903039003@ibl                                          
                                                                                  
        13 Jun 2026 UPI/642378428589/DR/Mo S57706076 65.00    0.00 18651.46       
                  ni/YESB/tmqr60pnm2@ptys                                         
                                                                                  
        12 Jun 2026 UPI/313037068277/DR/Zo S44674311 231.78   0.00 18716.46       
                  ma/HDFC/p.payu@hdfcban                                          
                  k                                                               
                                                                                  
        12 Jun 2026 UPI/110002694214/DR/So S37245086 399.00   0.00 18948.24       
                  ny/ICIC/es14.payu@icici                                         
                                                                                  
                                                                                  
        12 Jun 2026 ATM CASH TXN/INDUSIND S35930744 15000.00  0.00 19347.24       
                  BANK LIMITED KOLKATA                                            
                  WB                                                              
                                                                                  
        11 Jun 2026 UPI/340501268304/DR/CH S24639290 4900.00  0.00 34347.24       
                  AN/ICIC/9038857710@ybl                                          
                                                                                  
                                                                                  
                                                                                  
                                                                                  
                                                                                  
                                                                                  
                                                                                  
                                                                                  
                                                                                  
        Date      Particulars      Chq No/Ref No Withdrawal Deposit Balance       
                                                                                  
        11 Jun 2026 UPI/518558336511/DR/BO S22429617 10000.00 0.00 39247.24       
                  B /HDFC/ds.rzp@hdfcbank                                         
                                                                                  
        11 Jun 2026 UPI/901302822048/DR/CH S21395597 100.00   0.00 49247.24       
                  AN/ICIC/9038857710@ybl                                          
                                                                                  
        11 Jun 2026 UPI/160003001235/CR/BIB S19525529 0.00 20000.00 49347.24      
                  E/SBIN/erjeebibek2@ybl/Pa                                       
                  ym                                                              
                                                                                  
        10 Jun 2026 UPI/923494901831/DR/Mo S12377972 65.00    0.00 29347.24       
                  ni/YESB/tmqr5xores@ptys                                         
                                                                                  
        10 Jun 2026 UPI/717583379199/CR/BIB S7287590 0.00  10000.00 29412.24      
                  E/SBIN/erjeebibek2@axl/Pa                                       
                  ym                                                              
                                                                                  
                                                                                  
        10 Jun 2026 UPI/595393389720/CR/BIB S4170408 0.00  10000.00 19412.24      
                  E/SBIN/erjeebibek2@axl/Pa                                       
                  ym                                                              
                                                                                  
        10 Jun 2026 UPI/140895869785/DR/Ba S3585238 1600.00   0.00  9412.24       
                  nk/BARB/0031050000375                                           
                  9                                                               
                                                                                  
        10 Jun 2026 UPI/395772945260/DR/Ba S1286672 2000.00   0.00 11012.24       
                  nk/BARB/0031050000375                                           
                  9                                                               
                                                                                  
        09 Jun 2026 UPI/201252937538/DR/Ba S96752452 28000.00 0.00 13012.24       
                  nk/BARB/0031020000077                                           
                  7                                                               
                                                                                  
        09 Jun 2026 UPI/503876614711/DR/ZO S96640417 259.08   0.00 41012.24       
                  MA/YESB/ato-order@ptybl                                         
                                                                                  
        09 Jun 2026 CASH DEPOSIT BRANCH M626875     0.00   40000.00 41271.32      
                                                                                  
        09 Jun 2026 UPI/616000822368/DR/SA S88594729 99.00    0.00  1271.32       
                  NA/YESB/2UX88ATL3DV@                                            
                  ybl                                                             
                                                                                  
        08 Jun 2026 ATM CASH TXN/INDUSIND S74300561 2000.00   0.00  1370.32       
                  BANK LIMITED KOLKATA                                            
                  WB                                                              
                                                                                  
                                                                                  
        08 Jun 2026 UPI/632754940510/CR/BRI S74213867 0.00  2000.00 3370.32       
                  G/BARB/48871512-11@ax                                           
                  l/Paym                                                          
                                                                                  
        06 Jun 2026 UPI/459590475783/DR/Ba S43311593 10000.00 0.00  1370.32       
                                                                                  
                                                                                  
                                                                                  
                                                                                  
                                                                                  
                                                                                  
                                                                                  
                                                                                  
                                                                                  
        Date      Particulars      Chq No/Ref No Withdrawal Deposit Balance       
                                                                                  
                  nk/BARB/0031020000077                                           
                  7                                                               
                                                                                  
        06 Jun 2026 UPI/725451228479/CR/BRI S43134631 0.00 10000.00 11370.32      
                  G/BARB/48871512-11@yb                                           
                  l/Paym                                                          
                                                                                  
        06 Jun 2026 UPI/021762185985/DR/Ba S36592155 12000.00 0.00  1370.32       
                  nk/BARB/0031050000375                                           
                  3                                                               
                                                                                  
        05 Jun 2026 UPI/031910674986/DR/ZO S32569987 216.03   0.00 13370.32       
                  MA/YESB/ato-order@ptybl                                         
                                                                                  
        05 Jun 2026 UPI/140520192210/DR/Ba S31639132 2000.00  0.00 13586.35       
                  nk/SBIN/34607778355                                             
                                                                                  
                                                                                  
        05 Jun 2026 UPI/782541935906/DR/Ara S30699178 680.00  0.00 15586.35       
                  b/SBIN/8240585260@ybl                                           
                                                                                  
        05 Jun 2026 UPI/511284475886/DR/NA S28187839 100.00   0.00 16266.35       
                  SI/PUNB/9038949182@ibl                                          
                                                                                  
        05 Jun 2026 UPI/721851042785/DR/SC S24970725 4600.00  0.00 16366.35       
                  OT/CNRB/scotland@ybl                                            
                                                                                  
        05 Jun 2026 UPI/864382641291/DR/BO S24363429 20000.00 0.00 20966.35       
                  B /UTIB/ds.rzp@axisbank                                         
                                                                                  
        05 Jun 2026 UPI/265199349755/DR/Ba S24319989 10000.00 0.00 40966.35       
                  nk/BARB/0031050000375                                           
                  3                                                               
                                                                                  
        05 Jun 2026 CASH DEPOSIT BRANCH 1 M654922   0.00   50000.00 50966.35      
                  631-LANSDOWN                                                    
                                                                                  
        05 Jun 2026 UPI/615601023288/DR/Se S22144978 199.00   0.00   966.35       
                  ek/YESB/IROHIONLINE@yb                                          
                  l                                                               
                                                                                  
        04 Jun 2026 UPI/204251360152/DR/Ba S4613153 14000.00  0.00  1165.35       
                  nk/BARB/0031050000374                                           
                  3                                                               
                                                                                  
                                                                                  
        04 Jun 2026 UPI/841850583297/CR/BRI S4610136 0.00  13500.00 15165.35      
                  G/BARB/48871512-11@yb                                           
                  l/Paym                                                          
                                                                                  
        04 Jun 2026 UPI/527806417966/CR/BRI S4582877 0.00   1500.00 1665.35       
                  G/BARB/48871512-11@yb                                           
                  l/Paym                                                          
                                                                                  
                                                                                  
                                                                                  
                                                                                  
                                                                                  
                                                                                  
                                                                                  
                                                                                  
                                                                                  
        Date      Particulars      Chq No/Ref No Withdrawal Deposit Balance       
                                                                                  
        02 Jun 2026 UPI/598549446420/DR/Ba S76472005 1500.00  0.00   165.35       
                  nk/BARB/5717010000243                                           
                  0                                                               
                                                                                  
        02 Jun 2026 ATM CASH TXN/INDUSIND S76285374 3000.00   0.00  1665.35       
                  BANK LIMITED KOLKATA                                            
                  WB                                                              
                                                                                  
        02 Jun 2026 UPI/479780273017/DR/Ba S75983024 6000.00  0.00  4665.35       
                  nk/BARB/0031020000077                                           
                  7                                                               
                                                                                  
        02 Jun 2026 UPI/938155863457/CR/FA S75908518 0.00   8000.00 10665.35      
                  RI/SBIN/9474166118@axl/                                         
                  Payme                                                           
                                                                                  
        02 Jun 2026 UPI/061863132415/DR/Ba S75459540 5000.00  0.00  2665.35       
                  nk/BARB/0031020000077                                           
                  7                                                               
                                                                                  
        02 Jun 2026 UPI/151568031536/DR/Go S74948688 340.00   0.00  7665.35       
                  og/UTIB/ystore@axisbank                                         
                                                                                  
                                                                                  
        02 Jun 2026 UPI/762370317259/CR/BIB S74432482 0.00  8000.00 8005.35       
                  E/SBIN/erjeebibek2@ybl/Pa                                       
                  ym                                                              
                                                                                  
        02 Jun 2026 UPI/615321026163/DR/SA S72963888 99.00    0.00    5.35        
                  NA/YESB/2UX88ATL3DV@                                            
                  ybl                                                             
                                                                                  
        01 Jun 2026 UPI/615302575603/DR/CR S62313088 99.00    0.00   104.35       
                  AF/YESB/RAFTOONLINE@                                            
                  ybl                                                             
                                                                                  
        01 Jun 2026 UPI/168472173664/DR/Air S54172871 353.00  0.00   203.35       
                  t/YESB/LPREDIRECT1@ybl                                          
                                                                                  
        01 Jun 2026 UPI/992274199155/DR/KA S52911103 370.00   0.00   556.35       
                  LA/YESB/ytm.s1sn26v@pty                                         
                                                                                  
        31 May 2026 NFS CASH TXN/IN/+CHETL S38586592 2000.00  0.00   926.35       
                  A CENTRAL ROAD BKOLK                                            
                  ATA                                                             
                                                                                  
        30 May 2026 NFS CASH TXN/IN/+BANK S23232699 5000.00   0.00  2926.35       
                  SHALL COURT KOLKATA                                             
                                                                                  
        30 May 2026 UPI/422333621506/DR/Go S23135857 179.00   0.00  7926.35       
                  og/utib/re1.bd@axisbank                                         
                                                                                  
                                                                                  
                                                                                  
                                                                                  
                                                                                  
                                                                                  
                                                                                  
                                                                                  
                                                                                  
                                                                                  
                                                                                  
        Date      Particulars      Chq No/Ref No Withdrawal Deposit Balance       
                                                                                  
        30 May 2026 UPI/244035859251/CR/JOY S22936954 0.00  8100.00 8105.35       
                  /SBIN/7483999819@ybl/Pa                                         
                  yme                                                             
                                                                                  
        30 May 2026 UPI/407595631506/DR/Go S22055036 15.00    0.00    5.35        
                  og/utib/re1.bd@axisbank                                         
                                                                                  
        27 May 2026 UPI/992836103401/DR/Ba S83944451 1000.00  0.00    20.35       
                  nk/BARB/0031050000375                                           
                  0                                                               
                                                                                  
        27 May 2026 UPI/772644447418/CR/SU S83907381 0.00   1000.00 1020.35       
                  BH/DBSS/subhajit386@axl/                                        
                  Paym                                                            
                                                                                  
        27 May 2026 UPI/271658429727/DR/Ba S83827404 5000.00  0.00    20.35       
                  nk/BARB/0031050000375                                           
                  0                                                               
                                                                                  
        27 May 2026 UPI/463492647787/CR/SU S83801965 0.00   5000.00 5020.35       
                  BH/DBSS/subhajit386@axl/                                        
                  Paym                                                            
                                                                                  
                                                                                  
        26 May 2026 UPI/614611070838/DR/SA S64054366 99.00    0.00    20.35       
                  NA/YESB/2UX88ATL3DV@                                            
                  ybl                                                             
                                                                                  
        24 May 2026 UPI/021107658487/DR/Ba S42265736 1000.00  0.00   119.35       
                  nk/BARB/0711020000056                                           
                  9                                                               
                                                                                  
        24 May 2026 UPI/614544089732/DR/Au S42254004 1090.00  0.00  1119.35       
                  to/YESB/ELECTRICITY@ybl                                         
                                                                                  
        24 May 2026 UPI/153170393520/DR/ZO S41666667 237.03   0.00  2209.35       
                  MA/HDFC/zomato@hdfcba                                           
                  nk                                                              
                                                                                  
        24 May 2026 UPI/483211633221/CR/SH S37635933 0.00   1500.00 2446.38       
                  AI/BARB/336096693-4@a                                           
                  xl/Paym                                                         
                                                                                  
        23 May 2026 UPI/914382091596/DR/ZO S27086792 381.09   0.00   946.38       
                  MA/YESB/ato-order@ptybl                                         
                                                                                  
        22 May 2026 UPI/717909350059/DR/ZO S12342475 280.08   0.00  1327.47       
                  MA/HDFC/zomato@hdfcba                                           
                  nk                                                              
                                                                                  
        22 May 2026 UPI/316017678912/DR/Ba S4422909 10000.00  0.00  1607.55       
                  nk/BARB/0711020000056                                           
                                                                                  
                                                                                  
                                                                                  
                                                                                  
                                                                                  
                                                                                  
                                                                                  
                                                                                  
                                                                                  
                                                                                  
        Date      Particulars      Chq No/Ref No Withdrawal Deposit Balance       
                                                                                  
                  9                                                               
                                                                                  
        22 May 2026 UPI/625748252576/CR/JOY S2001928 0.00    900.00 11607.55      
                  /INDB/radhar.joy2@ybl/Pay                                       
                  m                                                               
                                                                                  
        21 May 2026 UPI/124496161893/DR/ZO S96642252 381.09   0.00 10707.55       
                  MA/HDFC/32.rzp@hdfcban                                          
                  k                                                               
                                                                                  
        21 May 2026 UPI/697846403587/DR/UB S96311781 397.73   0.00 11088.64       
                  ER/AIRP/04.rzp@rxairtel                                         
                                                                                  
        21 May 2026 UPI/417318003538/DR/Vo S94072208 403.00   0.00 11486.37       
                  da/YESB/VIINAPPKOL@ybl                                          
                                                                                  
                                                                                  
        21 May 2026 UPI/783679589451/DR/Air S94028408 403.00  0.00 11889.37       
                  t/UTIB/LPREDIRECT2@axl                                          
                                                                                  
        21 May 2026 UPI/546089191590/CR/BIB S91077034 0.00 10000.00 12292.37      
                  E/SBIN/erjeebibek2@axl/Pa                                       
                  ym                                                              
                                                                                  
        21 May 2026 UPI/474124472460/DR/Ba S90302415 10000.00 0.00  2292.37       
                  nk/BARB/5717010000243                                           
                  0                                                               
                                                                                  
        21 May 2026 UPI/384364606890/DR/SN S87436483 332.00   0.00 12292.37       
                  EH/UTIB/9330455551@ibl                                          
                                                                                  
        21 May 2026 UPI/187754619589/DR/CO S86353274 1140.00  0.00 12624.37       
                  NF/AIRP/to.payu@mairtel                                         
                                                                                  
        21 May 2026 UPI/582254866056/DR/PA S84255983 100.00   0.00 13764.37       
                  LA/SBIN/8389855871@ybl                                          
                                                                                  
        20 May 2026 UPI/703506494978/DR/Zo S82475996 344.13   0.00 13864.37       
                  ma/AIRP/46.payu@mairtel                                         
                                                                                  
        20 May 2026 UPI/430683963463/DR/RA S81790895 306.00   0.00 14208.50       
                  JA/UTIB/08457@okbizaxis                                         
                                                                                  
                                                                                  
        20 May 2026 ATM CASH TXN/INDUSIND S81054141 5000.00   0.00 14514.50       
                  BANK LIMITED KOLKATA                                            
                  WB                                                              
                                                                                  
        20 May 2026 UPI/384206685423/DR/Rin S80522096 400.00  0.00 19514.50       
                  k/BARB/8017695671@ybl                                           
                                                                                  
        20 May 2026 UPI/483836979141/DR/Ba S75666252 5000.00  0.00 19914.50       
                  nk/BARB/0031020000077                                           
                                                                                  
                                                                                  
                                                                                  
                                                                                  
                                                                                  
                                                                                  
                                                                                  
                                                                                  
                                                                                  
        Date      Particulars      Chq No/Ref No Withdrawal Deposit Balance       
                                                                                  
                  7                                                               
                                                                                  
        20 May 2026 UPI/150148207438/DR/SA S75157858 3000.00  0.00 24914.50       
                  PT/AIRP/41032661@airtel                                         
                                                                                  
        20 May 2026 UPI/259556265234/DR/SA S74486457 3000.00  0.00 27914.50       
                  NT/SBIN/9331050424@ybl                                          
                                                                                  
        20 May 2026 UPI/937088631535/DR/Bh S74442427 711.82   0.00 30914.50       
                  ar/YESB/70049759759@yb                                          
                  l                                                               
                                                                                  
        20 May 2026 UPI/333187764422/DR/BO S74068507 12000.00 0.00 31626.32       
                  B /HDFC/ds.rzp@hdfcbank                                         
                                                                                  
                                                                                  
        20 May 2026 UPI/312765237220/DR/BO S74049451 8167.00  0.00 43626.32       
                  B /HDFC/ds.rzp@hdfcbank                                         
                                                                                  
        20 May 2026 UPI/567024266685/CR/BIB S74002569 0.00 50000.00 51793.32      
                  E/SBIN/erjeebibek2@axl/Pa                                       
                  ym                                                              
                                                                                  
        20 May 2026 UPI/046525611160/DR/EL S73298320 516.00   0.00  1793.32       
                  GI/HDFC/868127@hdfcban                                          
                  k                                                               
                                                                                  
        20 May 2026 UPI/940407398892/DR/UB S72155603 289.04   0.00  2309.32       
                  ER/AIRP/04.rzp@rxairtel                                         
                                                                                  
        20 May 2026 UPI/614018636532/DR/Go S67802229 99.00    0.00  2598.36       
                  od/YESB/ICARDONLINE@y                                           
                  bl                                                              
                                                                                  
        19 May 2026 UPI/123800360395/DR/ZO S66814791 259.08   0.00  2697.36       
                  MA/HDFC/zomato@hdfcba                                           
                  nk                                                              
                                                                                  
        19 May 2026 UPI/938583688126/DR/DE S66771842 540.00   0.00  2956.44       
                  VA/PUNB/9748706371@y                                            
                  bl                                                              
                                                                                  
        19 May 2026 UPI/189985273248/DR/SA S63265126 150.00   0.00  3496.44       
                  PT/AIRP/41032661@airtel                                         
                                                                                  
                                                                                  
        19 May 2026 UPI/980034445124/CR/JOY S61834073 0.00  1600.00 3646.44       
                  /INDB/radhar.joy2@axl/Pay                                       
                  m                                                               
                                                                                  
        19 May 2026 UPI/613901229844/DR/SA S58378041 99.00    0.00  2046.44       
                  NA/YESB/2UX88ATL3DV@                                            
                  ybl                                                             
                                                                                  
                                                                                  
                                                                                  
                                                                                  
                                                                                  
                                                                                  
                                                                                  
                                                                                  
                                                                                  
        Date      Particulars      Chq No/Ref No Withdrawal Deposit Balance       
                                                                                  
        19 May 2026 UPI/790325201396/DR/Go S52118353 89.00    0.00  2145.44       
                  og/UTIB/ystore@axisbank                                         
                                                                                  
        18 May 2026 UPI/092337991946/DR/CO S50950979 870.00   0.00  2234.44       
                  NF/AIRP/to.payu@mairtel                                         
                                                                                  
        17 May 2026 UPI/912227093691/DR/NA S34651240 70.00    0.00  3104.44       
                  RA/YESB/Q816692660@yb                                           
                  l                                                               
                                                                                  
        17 May 2026 UPI/357616450848/DR/Ba S26462110 1600.00  0.00  3174.44       
                  nk/CNRB/9564220011493                                           
                  5                                                               
                                                                                  
        16 May 2026 UPI/831600126188/DR/Ex S14290263 348.00   0.00  4774.44       
                  ec/YESB/Q008450739@ybl                                          
                                                                                  
                                                                                  
        16 May 2026 UPI/281686004043/CR/AM S12121706 0.00   3000.00 5122.44       
                  IT/BARB/48871512-10@ax                                          
                  l/Paym                                                          
                                                                                  
        16 May 2026 UPI/544429495322/CR/BRI S12101435 0.00  1980.00 2122.44       
                  G/BARB/48871512-11@yb                                           
                  l/Paym                                                          
                                                                                  
        15 May 2026 UPI/914003962737/DR/Ph S96375339 81.00    0.00   142.44       
                  on/YESB/44230219611@y                                           
                  bl                                                              
                                                                                  
        15 May 2026 UPI/187035380540/DR/Ba S95775262 5000.00  0.00   223.44       
                  nk/BARB/0711020000056                                           
                  9                                                               
                                                                                  
        15 May 2026 UPI/550205136698/DR/Air S94768969 353.00  0.00  5223.44       
                  t/YESB/LPREDIRECT2@ybl                                          
                                                                                  
        15 May 2026 UPI/997616388402/DR/CO S94273828 720.00   0.00  5576.44       
                  NF/HDFC/n.payu@hdfcbank                                         
                                                                                  
        14 May 2026 UPI/009009927697/DR/Ma S90745554 299.00   0.00  6296.44       
                  st/NSPB/@cashfreensdlpb                                         
                                                                                  
        14 May 2026 UPI/068580402229/DR/ZO S89640101 248.58   0.00  6595.44       
                  MA/HDFC/32.rzp@hdfcban                                          
                  k                                                               
                                                                                  
                                                                                  
        14 May 2026 UPI/839364036539/DR/BO S86964506 5000.00  0.00  6844.02       
                  B /HDFC/ds.rzp@hdfcbank                                         
                                                                                  
        14 May 2026 UPI/613441585561/CR/SO S86442018 0.00   1620.00 11844.02      
                  NI/SBIN/hsonia2@okicici/UP                                      
                                                                                  
                                                                                  
                                                                                  
                                                                                  
                                                                                  
                                                                                  
                                                                                  
                                                                                  
                                                                                  
        Date      Particulars      Chq No/Ref No Withdrawal Deposit Balance       
                                                                                  
                  I                                                               
                                                                                  
        14 May 2026 UPI/292680267218/CR/BIB S85455131 0.00 10000.00 10224.02      
                  E/SBIN/erjeebibek2@ybl/Pa                                       
                  ym                                                              
                                                                                  
        14 May 2026 UPI/901127292779/DR/CH S82679955 55.00    0.00   224.02       
                  AN/YESB/Q110025000@yb                                           
                  l                                                               
                                                                                  
        14 May 2026 UPI/637941692478/DR/SH S82616354 35.00    0.00   279.02       
                  AR/YESB/Q253212228@yb                                           
                  l                                                               
                                                                                  
        14 May 2026 UPI/429025331431/DR/Ba S80394674 5000.00  0.00   314.02       
                  nk/BARB/0711020000056                                           
                  9                                                               
                                                                                  
                                                                                  
        14 May 2026 UPI/341292275831/CR/SH S79508498 0.00   3000.00 5314.02       
                  AI/BARB/336096693-4@a                                           
                  xl/Paym                                                         
                                                                                  
        13 May 2026 UPI/109803933903/DR/So S66147793 399.00   0.00  2314.02       
                  ny/ICIC/es14.payu@icici                                         
                                                                                  
        13 May 2026 UPI/478723409695/DR/ZO S66085691 1438.23  0.00  2713.02       
                  MA/HDFC/32.rzp@hdfcban                                          
                  k                                                               
                                                                                  
        13 May 2026 UPI/636432849392/DR/JA S65400606 5000.00  0.00  4151.25       
                  YA/SBIN/9830028526@sbi                                          
                                                                                  
        12 May 2026 UPI/827087555661/DR/ZO S58205398 1461.33  0.00  9151.25       
                  MA/HDFC/d.payu@hdfcban                                          
                  k                                                               
                                                                                  
        12 May 2026 UPI/856575694143/DR/RA S52907241 335.00   0.00 10612.58       
                  M /YESB/Q743309175@ybl                                          
                                                                                  
        12 May 2026 UPI/088163914002/CR/JOY S50269873 0.00  2300.00 10947.58      
                  /PUNB/483999819-2@ybl/                                          
                  Paym                                                            
                                                                                  
        12 May 2026 UPI/613298159481/DR/SA S50191687 99.00    0.00  8647.58       
                  NA/YESB/2UX88ATL3DV@                                            
                  ybl                                                             
                                                                                  
                                                                                  
        12 May 2026 UPI/384724951316/CR/JOY S49961189 0.00  4000.00 8746.58       
                  /PUNB/483999819-2@axl/                                          
                  Paym                                                            
                                                                                  
                                                                                  
                                                                                  
                                                                                  
                                                                                  
                                                                                  
                                                                                  
                                                                                  
                                                                                  
                                                                                  
        Date      Particulars      Chq No/Ref No Withdrawal Deposit Balance       
                                                                                  
        11 May 2026 UPI/694097818976/DR/Ba S34330885 15000.00 0.00  4746.58       
                  nk/BARB/0711020000056                                           
                  9                                                               
                                                                                  
        11 May 2026 UPI/037694365155/CR/SA S30862991 0.00  10000.00 19746.58      
                  NJ/INDB/.gupta.eng1@ybl/P                                       
                  aym                                                             
                                                                                  
        10 May 2026 UPI/291227268171/DR/ZO S26538449 289.53   0.00  9746.58       
                  MA/HDFC/zomato@hdfcba                                           
                  nk                                                              
                                                                                  
        10 May 2026 UPI/583042676221/DR/BO S25580071 10000.00 0.00 10036.11       
                  B /UTIB/ds.rzp@axisbank                                         
                                                                                  
        10 May 2026 UPI/731983698075/DR/Ba S25562483 10000.00 0.00 20036.11       
                  nk/BARB/0711020000056                                           
                  9                                                               
                                                                                  
        10 May 2026 UPI/910034340705/DR/Ba S25549132 10000.00 0.00 30036.11       
                  nk/BARB/5717010000243                                           
                  0                                                               
                                                                                  
                                                                                  
        10 May 2026 UPI/832389721360/CR/SA S25304288 0.00  30000.00 40036.11      
                  NJ/SBIN/9883663188@ybl/                                         
                  Payme                                                           
                                                                                  
        10 May 2026 UPI/507844408322/CR/BIB S16430747 0.00 10000.00 10036.11      
                  E/SBIN/erjeebibek2@axl/Pa                                       
                  ym                                                              
                                                                                  
        09 May 2026 UPI/280052606430/DR/Ba S12873318 6000.00  0.00    36.11       
                  nk/BARB/5717010000243                                           
                  0                                                               
                                                                                  
        09 May 2026 UPI/888013284142/CR/SH S12876187 0.00   6000.00 6036.11       
                  AI/BARB/336096693-4@y                                           
                  bl/Paym                                                         
                                                                                  
        09 May 2026 UPI/385144703092/DR/ZO S12429844 384.03   0.00    36.11       
                  MA/YESB/ato-order@ptybl                                         
                                                                                  
        09 May 2026 UPI/007437888306/DR/Ba S10875053 2000.00  0.00   420.14       
                  nk/BARB/5717010000243                                           
                  0                                                               
                                                                                  
        09 May 2026 UPI/874961698874/CR/SIB S8823772 0.00    850.00 2420.14       
                  A/CNRB/8617319427@ybl/                                          
                  Payme                                                           
                                                                                  
        09 May 2026 UPI/200659868613/DR/CO S4709202 1565.00   0.00  1570.14       
                                                                                  
                                                                                  
                                                                                  
                                                                                  
                                                                                  
                                                                                  
                                                                                  
                                                                                  
                                                                                  
                                                                                  
        Date      Particulars      Chq No/Ref No Withdrawal Deposit Balance       
                                                                                  
                  NF/AIRP/to.payu@mairtel                                         
                                                                                  
        09 May 2026 UPI/463858188731/DR/Ba S2853044 10000.00  0.00  3135.14       
                  nk/BARB/5717010000243                                           
                  0                                                               
                                                                                  
        09 May 2026 UPI/687703708913/CR/SH S2741995 0.00    4000.00 13135.14      
                  AI/BARB/336096693-4@y                                           
                  bl/Paym                                                         
                                                                                  
        09 May 2026 UPI/327752928359/DR/SA S1151798 1950.00   0.00  9135.14       
                  PT/AIRP/41032661@airtel                                         
                                                                                  
        09 May 2026 UPI/118153846068/DR/SA S201551 100.00     0.00 11085.14       
                  PT/AIRP/41032661@airtel                                         
                                                                                  
                                                                                  
        08 May 2026 UPI/745612039009/CR/BIB S97422309 0.00 10000.00 11185.14      
                  E/SBIN/erjeebibek2@axl/Pa                                       
                  ym                                                              
                                                                                  
        08 May 2026 UPI/176869074642/DR/Ba S96884555 18500.00 0.00  1185.14       
                  nk/BARB/0031020000077                                           
                  7                                                               
                                                                                  
        08 May 2026 UPI/313573567930/DR/ZO S96872321 432.33   0.00 19685.14       
                  MA/YESB/ato-order@ptybl                                         
                                                                                  
        07 May 2026 UPI/895730932281/DR/ZO S81731744 295.10   0.00 20117.47       
                  MA/YESB/ato-order@ptybl                                         
                                                                                  
        07 May 2026 NFS CASH TXN/IN/RAMPA S72199167 10000.00  0.00 20412.57       
                  MB PO TARAPITH PSRAM                                            
                  PURHAT                                                          
                                                                                  
        07 May 2026 NFS CASH TXN/IN/RAMPA S72188027 10000.00  0.00 30412.57       
                  MB PO TARAPITH PSRAM                                            
                  PURHAT                                                          
                                                                                  
        07 May 2026 NFS CASH TXN/IN/RAMPA S72176363 10000.00  0.00 40412.57       
                  MB PO TARAPITH PSRAM                                            
                  PURHAT                                                          
                                                                                  
        07 May 2026 UPI/235374515706/DR/BO S70208838 20000.00 0.00 50412.57       
                  B /UTIB/ds.rzp@axisbank                                         
                                                                                  
                                                                                  
        07 May 2026 UPI/875129288030/DR/Ba S69936741 20000.00 0.00 70412.57       
                  nk/BARB/0711020000056                                           
                  9                                                               
                                                                                  
        07 May 2026 UPI/577292380016/DR/Ba S69923875 10000.00 0.00 90412.57       
                  nk/BARB/0031020000077                                           
                                                                                  
                                                                                  
                                                                                  
                                                                                  
                                                                                  
                                                                                  
                                                                                  
                                                                                  
                                                                                  
        Date      Particulars      Chq No/Ref No Withdrawal Deposit Balance       
                                                                                  
                  7                                                               
                                                                                  
        07 May 2026 IMPS/P2A/612710871530/ S69535367 0.00 100000.00 100412.57     
                  CNRB/UDAY KUMAR SHA                                             
                  RMA                                                             
                                                                                  
        06 May 2026 UPI/612655763024/DR/SA S50885093 99.00    0.00   412.57       
                  NA/YESB/2UX88ATL3DV@                                            
                  ybl                                                             
                                                                                  
        05 May 2026 ATM CASH TXN/INDUSIND S49479642 5000.00   0.00   511.57       
                  BANK LIMITED KOLKATA                                            
                  WB                                                              
                                                                                  
        05 May 2026 UPI/403381328605/DR/Zo S49351298 340.98   0.00  5511.57       
                  ma/AIRP/46.payu@mairtel                                         
                                                                                  
                                                                                  
        05 May 2026 UPI/858179290958/DR/Ba S46055194 5000.00  0.00  5852.55       
                  nk/BARB/0711020000056                                           
                  9                                                               
                                                                                  
        05 May 2026 UPI/773601069389/CR/SA S44243051 0.00    400.00 10852.55      
                  NJ/CNRB/9331067510@yb                                           
                  l/Payme                                                         
                                                                                  
        05 May 2026 UPI/356855249802/CR/SA S44183379 0.00  10000.00 10452.55      
                  NJ/CNRB/9331067510@yb                                           
                  l/Payme                                                         
                                                                                  
        05 May 2026 UPI/260430787974/CR/Pre S43544535 0.00   418.00  452.55       
                  m/SBIN/prembhai00@ybl/P                                         
                  ayme                                                            
                                                                                  
        04 May 2026 UPI/456716383256/DR/Ba S23288484 1000.00  0.00    34.55       
                  nk/BARB/0031050000374                                           
                  3                                                               
                                                                                  
        04 May 2026 UPI/442766242594/DR/Ba S23238078 200.00   0.00  1034.55       
                  nk/BARB/0031050000374                                           
                  3                                                               
                                                                                  
        02 May 2026 UPI/612330410673/DR/CR S1687920 99.00     0.00  1234.55       
                  AF/YESB/RAFTOONLINE@                                            
                  ybl                                                             
                                                                                  
        02 May 2026 UPI/911537802035/DR/Ba S91727583 15000.00 0.00  1333.55       
                  nk/BARB/0711050000374                                           
                  2                                                               
                                                                                  
        02 May 2026 UPI/612211982513/DR/Se S90624640 199.00   0.00 16333.55       
                  ek/YESB/IROHIONLINE@yb                                          
                                                                                  
                                                                                  
                                                                                  
                                                                                  
                                                                                  
                                                                                  
                                                                                  
                                                                                  
                                                                                  
                                                                                  
        Date      Particulars      Chq No/Ref No Withdrawal Deposit Balance       
                                                                                  
                  l                                                               
                                                                                  
        02 May 2026 UPI/454568986186/DR/Ba S89601404 4000.00  0.00 16532.55       
                  nk/BARB/0031050000375                                           
                  3                                                               
                                                                                  
        02 May 2026 UPI/648885932079/CR/SA S89393468 0.00  20000.00 20532.55      
                  NJ/CNRB/067510@naviaxi                                          
                  s/Paid                                                          
                                                                                  
        01 May 2026 UPI/978218628635/DR/Ba S79085965 100.00   0.00   532.55       
                  nk/BARB/0711050000374                                           
                  2                                                               
                                                                                  
        01 May 2026 UPI/307380213525/DR/Ba S79056643 100.00   0.00   632.55       
                  nk/BARB/0711050000374                                           
                  2                                                               
                                                                                  
                                                                                  
        01 May 2026 UPI/834639418417/DR/Ba S78838908 100.00   0.00   732.55       
                  nk/BARB/0031050000375                                           
                  3                                                               
                                                                                  
        01 May 2026 UPI/047166739003/DR/Ba S78812529 6000.00  0.00   832.55       
                  nk/BARB/0031050000375                                           
                  3                                                               
                                                                                  
        01 May 2026 UPI/513289347113/CR/BRI S78797201 0.00  5000.00 6832.55       
                  G/BARB/48871512-11@yb                                           
                  l/Paym                                                          
                                                                                  
        01 May 2026 UPI/915196192734/DR/Ba S78636771 8000.00  0.00  1832.55       
                  nk/BARB/0031050000375                                           
                  3                                                               
                                                                                  
        01 May 2026 IMPS/P2A/612119044491/ S78390090 0.00   8000.00 9832.55       
                  BARB/TARATECTRADEMA                                             
                  RT                                                              
                                                                                  
        01 May 2026 UPI/097849631868/DR/Ba S78334542 1000.00  0.00  1832.55       
                  nk/BARB/0031050000375                                           
                  3                                                               
                                                                                  
        01 May 2026 UPI/419621073991/DR/Ba S76096577 7000.00  0.00  2832.55       
                  nk/BARB/0711020000056                                           
                  9                                                               
                                                                                  
        01 May 2026 NFS CASH TXN/IN/+KASB S74897902 5000.00   0.00  9832.55       
                  A BR KOLKATA                                                    
                                                                                  
        01 May 2026 UPI/216806533035/DR/BO S71928703 10000.00 0.00 14832.55       
                  B /HDFC/ds.rzp@hdfcbank                                         
                                                                                  
                                                                                  
                                                                                  
                                                                                  
                                                                                  
                                                                                  
                                                                                  
                                                                                  
                                                                                  
                                                                                  
        Date      Particulars      Chq No/Ref No Withdrawal Deposit Balance       
                                                                                  
        30 Apr 2026 UPI/261235305079/DR/Ba S64756715 10000.00 0.00 24832.55       
                  nk/BARB/0711020000056                                           
                  9                                                               
                                                                                  
        30 Apr 2026 UPI/879083252291/DR/Ba S64745391 10000.00 0.00 34832.55       
                  nk/BARB/0031020000077                                           
                  7                                                               
                                                                                  
        30 Apr 2026 UPI/758021294522/CR/BIB S63886886 0.00 15000.00 44832.55      
                  E/HDFC/rjee.bibek1@axl/Pa                                       
                  ym                                                              
                                                                                  
        30 Apr 2026 UPI/677474679642/CR/BIB S63815277 0.00 25000.00 29832.55      
                  E/HDFC/rjee.bibek1@axl/Pa                                       
                  ym                                                              
                                                                                  
        30 Apr 2026 UPI/107253131385/DR/SH S62441255 3000.00  0.00  4832.55       
                  AI/BARB/336096693-4@y                                           
                  bl                                                              
                                                                                  
        30 Apr 2026 UPI/612044718404/DR/Go S61003190 99.00    0.00  7832.55       
                  od/YESB/ICARDONLINE@y                                           
                  bl                                                              
                                                                                  
                                                                                  
        30 Apr 2026 UPI/073328144927/DR/PIJ S57979501 50.00   0.00  7931.55       
                  U/YESB/Q753824760@ybl                                           
                                                                                  
        30 Apr 2026 UPI/982175171629/DR/PIJ S57982153 251.00  0.00  7981.55       
                  U/YESB/Q753824760@ybl                                           
                                                                                  
        30 Apr 2026 UPI/225591561450/DR/Ba S56830304 100.00   0.00  8232.55       
                  nk/BARB/0711050000374                                           
                  1                                                               
                                                                                  
        30 Apr 2026 UPI/002014182735/DR/Ba S56820961 100.00   0.00  8332.55       
                  nk/BARB/0711050000374                                           
                  2                                                               
                                                                                  
        30 Apr 2026 UPI/055203233462/DR/Ba S56765029 10000.00 0.00  8432.55       
                  nk/BARB/0711050000374                                           
                  2                                                               
                                                                                  
        30 Apr 2026 UPI/332523334876/DR/Ba S56742999 100.00   0.00 18432.55       
                  nk/BARB/0711050000374                                           
                  1                                                               
                                                                                  
        30 Apr 2026 UPI/782961339642/DR/Ba S56714457 100.00   0.00 18532.55       
                  nk/BARB/0711050000374                                           
                  2                                                               
                                                                                  
        30 Apr 2026 UPI/074855709668/DR/Ba S56681219 20000.00 0.00 18632.55       
                                                                                  
                                                                                  
                                                                                  
                                                                                  
                                                                                  
                                                                                  
                                                                                  
                                                                                  
                                                                                  
                                                                                  
        Date      Particulars      Chq No/Ref No Withdrawal Deposit Balance       
                                                                                  
                  nk/BARB/0711050000374                                           
                  1                                                               
                                                                                  
        30 Apr 2026 UPI/161531946437/DR/Ba S56110373 15000.00 0.00 38632.55       
                  nk/BARB/0031050000374                                           
                  3                                                               
                                                                                  
        30 Apr 2026 CASH DEPOSIT BRANCH B M263659   0.00   45000.00 53632.55      
                  Y SELF                                                          
                                                                                  
        29 Apr 2026 UPI/514681371206/DR/Go S51612644 340.00   0.00  8632.55       
                  og/UTIB/ystore@axisbank                                         
                                                                                  
        29 Apr 2026 UPI/504346201196/DR/Go S51214471 179.00   0.00  8972.55       
                  og/utib/re1.bd@axisbank                                         
                                                                                  
                                                                                  
        29 Apr 2026 UPI/287983271305/DR/ZO S50930500 539.13   0.00  9151.55       
                  MA/HDFC/32.rzp@hdfcban                                          
                  k                                                               
                                                                                  
        29 Apr 2026 UPI/677670337173/DR/ZO S42516080 389.06   0.00  9690.68       
                  MA/HDFC/zomato@hdfcba                                           
                  nk                                                              
                                                                                  
        29 Apr 2026 UPI/611928741755/DR/SA S37754111 99.00    0.00 10079.74       
                  NA/YESB/2UX88ATL3DV@                                            
                  ybl                                                             
                                                                                  
        28 Apr 2026 UPI/402574911569/DR/BO S37214697 6000.00  0.00 10178.74       
                  B /HDFC/ds.rzp@hdfcbank                                         
                                                                                  
        28 Apr 2026 UPI/814499140909/DR/Ba S37210894 5000.00  0.00 16178.74       
                  nk/BARB/0031050000375                                           
                  3                                                               
                                                                                  
        28 Apr 2026 UPI/515021533992/DR/Ba S36701634 20000.00 0.00 21178.74       
                  nk/BARB/0711020000056                                           
                  9                                                               
                                                                                  
        28 Apr 2026 UPI/652354673447/DR/ZO S36485705 330.48   0.00 41178.74       
                  MA/HDFC/32.rzp@hdfcban                                          
                  k                                                               
                                                                                  
        28 Apr 2026 UPI/189905044098/DR/BO S34306246 10000.00 0.00 41509.22       
                  B /HDFC/ds.rzp@hdfcbank                                         
                                                                                  
                                                                                  
        28 Apr 2026 UPI/438757814546/DR/SH S34244465 2300.00  0.00 51509.22       
                  AI/BARB/336096693-4@a                                           
                  xl                                                              
                                                                                  
        28 Apr 2026 UPI/024707290689/DR/PA S33706304 1200.00  0.00 53809.22       
                                                                                  
                                                                                  
                                                                                  
                                                                                  
                                                                                  
                                                                                  
                                                                                  
                                                                                  
                                                                                  
        Date      Particulars      Chq No/Ref No Withdrawal Deposit Balance       
                                                                                  
                  RT/UBIN/th10@okhdfcbank                                         
                                                                                  
        28 Apr 2026 IMPS/P2A/611818635316/ S32759902 0.00  55000.00 55009.22      
                  CNRB/UDAY KUMAR SHA                                             
                  RMA                                                             
                                                                                  
        26 Apr 2026 UPI/103171639953/DR/Wy S947626 279.00     0.00    9.22        
                  nk/HDFC/y.payu@hdfcbank                                         
                                                                                  
        24 Apr 2026 UPI/463030790588/DR/SU S78366824 20.00    0.00   288.22       
                  NI/YESB/Q395684384@ybl                                          
                                                                                  
        24 Apr 2026 ATM CASH TXN/INDUSIND S69663271 5000.00   0.00   308.22       
                  BANK LIMITED KOLKATA                                            
                  WB                                                              
                                                                                  
                                                                                  
        24 Apr 2026 UPI/990667500627/DR/Blu S69360834 749.00  0.00  5308.22       
                  e/AIRP/72.rzp@rxairtel                                          
                                                                                  
        24 Apr 2026 UPI/516676309735/DR/CO S68160102 1585.00  0.00  6057.22       
                  NF/AIRP/to.payu@mairtel                                         
                                                                                  
        23 Apr 2026 UPI/023095051884/DR/HA S64378399 263.00   0.00  7642.22       
                  TA/YESB/Q049778714@yb                                           
                  l                                                               
                                                                                  
        23 Apr 2026 UPI/131923191117/DR/CO S62795185 640.00   0.00  7905.22       
                  OK/YESB/Q793834412@yb                                           
                  l                                                               
                                                                                  
        23 Apr 2026 UPI/223756832070/CR/GO S56931216 0.00   5000.00 8545.22       
                  VI/DBSS/ovindjhadbs@ybl/                                        
                  Paym                                                            
                                                                                  
        23 Apr 2026 UPI/332672511957/DR/SO S52347826 3000.00  0.00  3545.22       
                  UM/PUNB/trasaha@okicici                                         
                                                                                  
        22 Apr 2026 UPI/929653453003/DR/BO S49258702 5000.00  0.00  6545.22       
                  B /HDFC/ds.rzp@hdfcbank                                         
                                                                                  
        22 Apr 2026 UPI/488032974482/CR/SA S49203455 0.00   5000.00 11545.22      
                  NJ/CNRB/9331067510@yb                                           
                  l/Payme                                                         
                                                                                  
                                                                                  
        22 Apr 2026 UPI/647919184085/CR/SA S49164348 0.00   5000.00 6545.22       
                  NJ/PPIW/67510@amazonp                                           
                  ay/UPI                                                          
                                                                                  
        22 Apr 2026 UPI/757496797355/DR/Co S47293180 240.00   0.00  1545.22       
                  ok/YESB/Q793834412@ybl                                          
                                                                                  
                                                                                  
                                                                                  
                                                                                  
                                                                                  
                                                                                  
                                                                                  
                                                                                  
                                                                                  
                                                                                  
        Date      Particulars      Chq No/Ref No Withdrawal Deposit Balance       
                                                                                  
        22 Apr 2026 UPI/196874677021/DR/BO S46466386 5000.00  0.00  1785.22       
                  B /HDFC/ds.rzp@hdfcbank                                         
                                                                                  
        22 Apr 2026 UPI/544347607267/DR/Ba S43979233 15000.00 0.00  6785.22       
                  nk/BARB/0711020000056                                           
                  9                                                               
                                                                                  
        22 Apr 2026 UPI/611286532828/CR/SA S43938141 0.00  20000.00 21785.22      
                  NJ/CNRB/067510@naviaxi                                          
                  s/Paid                                                          
                                                                                  
        22 Apr 2026 UPI/001861740839/CR/SA S43907771 0.00    100.00 1785.22       
                  NJ/CNRB/9331067510@ny                                           
                  es/Paid                                                         
                                                                                  
        22 Apr 2026 UPI/190608555929/DR/Ba S42815798 1500.00  0.00  1685.22       
                  nk/BARB/0031050000375                                           
                  9                                                               
                                                                                  
        22 Apr 2026 UPI/203281179431/CR/BRI S42796095 0.00  2000.00 3185.22       
                  G/BARB/48871512-11@ax                                           
                  l/Paym                                                          
                                                                                  
                                                                                  
        22 Apr 2026 UPI/692510464424/DR/Ba S39533767 500.00   0.00  1185.22       
                  nk/BKID/40051011000318                                          
                  3                                                               
                                                                                  
        21 Apr 2026 UPI/560292851973/DR/CO S32214249 240.00   0.00  1685.22       
                  OK/YESB/Q104630340@yb                                           
                  l                                                               
                                                                                  
        21 Apr 2026 UPI/611196558185/CR/PR S29299750 0.00   1600.00 1925.22       
                  OS/SBIN/osh.sijua@oksbi/U                                       
                  PI                                                              
                                                                                  
        21 Apr 2026 UPI/611186652461/DR/SA S25584408 99.00    0.00   325.22       
                  NA/YESB/2UX88ATL3DV@                                            
                  ybl                                                             
                                                                                  
        20 Apr 2026 UPI/206723752445/DR/BO S18190725 2000.00  0.00   424.22       
                  B /HDFC/ds.rzp@hdfcbank                                         
                                                                                  
        20 Apr 2026 UPI/569997107556/DR/Am S17897398 748.00   0.00  2424.22       
                  az/YESB/amazon-pod@yapl                                         
                                                                                  
        20 Apr 2026 UPI/121911610720/CR/OI S16949975 0.00   1100.00 3172.22       
                  ND/PUNB/r552@okhdfcban                                          
                  k/UPI                                                           
                                                                                  
        20 Apr 2026 UPI/121910514315/CR/OI S16656839 0.00   1200.00 2072.22       
                  ND/PUNB/r552@okhdfcban                                          
                                                                                  
                                                                                  
                                                                                  
                                                                                  
                                                                                  
                                                                                  
                                                                                  
                                                                                  
                                                                                  
                                                                                  
        Date      Particulars      Chq No/Ref No Withdrawal Deposit Balance       
                                                                                  
                  k/UPI                                                           
                                                                                  
        20 Apr 2026 UPI/674792185269/DR/SH S14028039 3500.00  0.00   872.22       
                  AI/BARB/336096693-4@y                                           
                  bl                                                              
                                                                                  
        20 Apr 2026 UPI/071296308972/DR/Ara S13263542 5000.00 0.00  4372.22       
                  b/SBIN/8240585260@ybl                                           
                                                                                  
        20 Apr 2026 UPI/701632058224/DR/Ph S10255968 1171.00  0.00  9372.22       
                  on/YESB/44230219611@y                                           
                  bl                                                              
                                                                                  
        20 Apr 2026 UPI/263893942936/DR/Ph S6340624 687.84    0.00 10543.22       
                  on/YESB/44230219611@y                                           
                  bl                                                              
                                                                                  
                                                                                  
        19 Apr 2026 UPI/282206980927/DR/SH S96842010 1000.00  0.00 11231.06       
                  AI/BARB/336096693-4@ib                                          
                  l                                                               
                                                                                  
        19 Apr 2026 UPI/185041881096/DR/Go S90019741 89.00    0.00 12231.06       
                  og/UTIB/ystore@axisbank                                         
                                                                                  
        18 Apr 2026 UPI/269547126125/DR/Ba S80995439 500.00   0.00 12320.06       
                  nk/BKID/40051011000318                                          
                  3                                                               
                                                                                  
        18 Apr 2026 UPI/976549868641/DR/PR S79744382 100.00   0.00 12820.06       
                  OB/PUNB/jia116812@axl                                           
                                                                                  
        18 Apr 2026 UPI/554213568310/DR/PR S79694115 600.00   0.00 12920.06       
                  OB/PUNB/jia116812@axl                                           
                                                                                  
        17 Apr 2026 UPI/776014675718/DR/CO S72546174 1170.00  0.00 13520.06       
                  NF/AIRP/to.payu@mairtel                                         
                                                                                  
        17 Apr 2026 UPI/763525767653/DR/S S67370130 479.00    0.00 14690.06       
                  WIG/ICIC/upiswiggy@icici                                        
                                                                                  
        16 Apr 2026 UPI/289556316383/DR/BO S57830782 10818.52 0.00 15169.06       
                  B /HDFC/ds.rzp@hdfcbank                                         
                                                                                  
                                                                                  
        16 Apr 2026 UPI/815425580124/CR/SU S57804992 0.00  24900.00 25987.58      
                  BH/BARB/bhash.sarka@axl/                                        
                  Paym                                                            
                                                                                  
        16 Apr 2026 UPI/036030672990/CR/SU S57789935 0.00    100.00 1087.58       
                  BH/BARB/bhash.sarka@axl/                                        
                  Paym                                                            
                                                                                  
                                                                                  
                                                                                  
                                                                                  
                                                                                  
                                                                                  
                                                                                  
                                                                                  
                                                                                  
                                                                                  
        Date      Particulars      Chq No/Ref No Withdrawal Deposit Balance       
                                                                                  
        16 Apr 2026 UPI/220287175137/DR/Sri S57328623 851.00  0.00   987.58       
                  m/UTIB/8943.rzp@rxaxis                                          
                                                                                  
        16 Apr 2026 UPI/891506514848/DR/CO S54194758 720.00   0.00  1838.58       
                  NF/AIRP/to.payu@mairtel                                         
                                                                                  
        16 Apr 2026 UPI/109611814251/DR/BO S43945050 99.00    0.00  2558.58       
                  RN/ICIC/04556.rzp@icici                                         
                                                                                  
        15 Apr 2026 UPI/252003048642/DR/ET S43346668 384.03   0.00  2657.58       
                  ER/UTIB/o.payu@axisbank                                         
                                                                                  
        15 Apr 2026 ATM CASH TXN/INDUSIND S43079041 5000.00   0.00  3041.61       
                  BANK LIMITED KOLKATA                                            
                  WB                                                              
                                                                                  
                                                                                  
        15 Apr 2026 UPI/241055463916/DR/BO S39518011 10818.52 0.00  8041.61       
                  BC/KKBK/1bobcard2@kotak                                         
                                                                                  
        15 Apr 2026 UPI/127870340250/CR/JOY S38182676 0.00 15000.00 18860.13      
                  /SBIN/7483999819@ybl/Pa                                         
                  yme                                                             
                                                                                  
        15 Apr 2026 UPI/429972455725/DR/CO S34265912 491.00   0.00  3860.13       
                  CO/YESB/ytm.s1lc5do@pty                                         
                                                                                  
        14 Apr 2026 UPI/998808922904/DR/Ma S27591953 299.00   0.00  4351.13       
                  st/NSPB/@cashfreensdlpb                                         
                                                                                  
        14 Apr 2026 UPI/429876657108/DR/MI S26911081 8500.00  0.00  4650.13       
                  TH/CNRB/thun80-1@okaxi                                          
                  s                                                               
                                                                                  
        14 Apr 2026 UPI/610401190641/DR/SA S18667954 99.00    0.00 13150.13       
                  NA/YESB/2UX88ATL3DV@                                            
                  ybl                                                             
                                                                                  
        13 Apr 2026 UPI/176270208760/DR/Ba S8389103 2000.00   0.00 13249.13       
                  nk/BARB/0031020000077                                           
                  7                                                               
                                                                                  
        13 Apr 2026 UPI/610330608735/CR/PA S7367573 0.00   10000.00 15249.13      
                  RT/UBIN/bnath10@okicici/U                                       
                  PI                                                              
                                                                                  
                                                                                  
        13 Apr 2026 UPI/109593083841/DR/So S3385423 399.00    0.00  5249.13       
                  ny/ICIC/es14.payu@icici                                         
                                                                                  
        13 Apr 2026 UPI/294268541310/DR/Air S3166174 353.00   0.00  5648.13       
                  t/UTIB/LPREDIRECT2@axl                                          
                                                                                  
                                                                                  
                                                                                  
                                                                                  
                                                                                  
                                                                                  
                                                                                  
                                                                                  
                                                                                  
                                                                                  
        Date      Particulars      Chq No/Ref No Withdrawal Deposit Balance       
                                                                                  
        13 Apr 2026 UPI/951613150043/DR/Ba S1909039 500.00    0.00  6001.13       
                  nk/BKID/40051011000318                                          
                  3                                                               
                                                                                  
        13 Apr 2026 UPI/489846209025/DR/Ex S1665304 250.00    0.00  6501.13       
                  ec/YESB/Q483104549@ybl                                          
                                                                                  
        13 Apr 2026 UPI/130521756791/DR/Ba S1488695 15000.00  0.00  6751.13       
                  nk/BARB/0031050000375                                           
                  3                                                               
                                                                                  
        13 Apr 2026 UPI/090692621403/DR/Ba S1454637 10000.00  0.00 21751.13       
                  nk/BARB/0031050000375                                           
                  3                                                               
                                                                                  
        13 Apr 2026 UPI/837838170103/CR/BRI S1258131 0.00  30000.00 31751.13      
                  G/BARB/48871512-11@yb                                           
                  l/Paym                                                          
                                                                                  
        12 Apr 2026 UPI/213873666719/DR/Rin S95690165 2100.00 0.00  1751.13       
                  k/BARB/8017695671@ybl                                           
                                                                                  
                                                                                  
        12 Apr 2026 UPI/610245814221/CR/Mr S94842762 0.00    180.00 3851.13       
                  S/CBIN/erjee700@okaxis/U                                        
                  PI                                                              
                                                                                  
        12 Apr 2026 UPI/610213959935/CR/BA S89094521 0.00    100.00 3671.13       
                  BY/SBIN/krishna47@oksbi/                                        
                  UPI                                                             
                                                                                  
        12 Apr 2026 UPI/346953554321/DR/Cal S85302436 260.00  0.00  3571.13       
                  c/YESB/70675628978@ybl                                          
                                                                                  
        10 Apr 2026 UPI/271611267098/DR/Ba S61441547 2000.00  0.00  3831.13       
                  nk/BKID/40051011000318                                          
                  3                                                               
                                                                                  
        10 Apr 2026 ATM CASH TXN/INDUSIND S59316555 15000.00  0.00  5831.13       
                  BANK LIMITED KOLKATA                                            
                  WB                                                              
                                                                                  
        10 Apr 2026 UPI/811473502828/CR/BRI S58936782 0.00 20000.00 20831.13      
                  G/BARB/48871512-11@yb                                           
                  l/Paym                                                          
                                                                                  
        10 Apr 2026 BANDHAN BANK LTD 913805      25000.00     0.00   831.13       
                                                                                  
                                                                                  
        10 Apr 2026 UPI/848486359201/CR/AM S53588638 0.00   2000.00 25831.13      
                  IT/BARB/48871512-10@yb                                          
                  l/Paym                                                          
                                                                                  
                                                                                  
                                                                                  
                                                                                  
                                                                                  
                                                                                  
                                                                                  
                                                                                  
                                                                                  
                                                                                  
        Date      Particulars      Chq No/Ref No Withdrawal Deposit Balance       
                                                                                  
        10 Apr 2026 IMPS/P2A/610011468137/ S53490584 0.00   1000.00 23831.13      
                  BARB/TARATECTRADEMA                                             
                  RT                                                              
                                                                                  
        10 Apr 2026 UPI/198231237642/CR/BRI S53414800 0.00 10000.00 22831.13      
                  G/BARB/48871512-11@ax                                           
                  l/Paym                                                          
                                                                                  
        10 Apr 2026 UPI/619675183611/DR/SH S52308774 1000.00  0.00 12831.13       
                  AI/BARB/336096693-4@y                                           
                  bl                                                              
                                                                                  
        09 Apr 2026 UPI/418832807439/DR/Ba S49426299 1000.00  0.00 13831.13       
                  nk/BARB/5717010000243                                           
                  0                                                               
                                                                                  
        09 Apr 2026 UPI/038437754082/DR/Ba S49430475 1000.00  0.00 14831.13       
                  nk/BARB/0031020000077                                           
                  7                                                               
                                                                                  
        09 Apr 2026 UPI/421585893304/CR/BRI S48490014 0.00 10000.00 15831.13      
                  G/BARB/48871512-11@ax                                           
                  l/Paym                                                          
                                                                                  
                                                                                  
        09 Apr 2026 UPI/033644925532/DR/CO S46134066 2293.00  0.00  5831.13       
                  NF/AIRP/to.payu@mairtel                                         
                                                                                  
        09 Apr 2026 UPI/807044731242/DR/Ba S45843012 15000.00 0.00  8124.13       
                  nk/BARB/0031020000077                                           
                  7                                                               
                                                                                  
        09 Apr 2026 UPI/814955174475/CR/BRI S45812840 0.00 20000.00 23124.13      
                  G/BARB/48871512-11@ax                                           
                  l/Paym                                                          
                                                                                  
        08 Apr 2026 UPI/945981220430/DR/ZO S20406096 663.33   0.00  3124.13       
                  MA/HDFC/zomato@hdfcba                                           
                  nk                                                              
                                                                                  
        08 Apr 2026 UPI/145096670735/DR/BO S18934233 5000.00  0.00  3787.46       
                  B /HDFC/ds.rzp@hdfcbank                                         
                                                                                  
        07 Apr 2026 UPI/629764425513/DR/Ba S16999967 30000.00 0.00  8787.46       
                  nk/BARB/0031020000077                                           
                  7                                                               
                                                                                  
        07 Apr 2026 UPI/183204022237/CR/BRI S12851087 0.00 30000.00 38787.46      
                  G/BARB/48871512-11@ax                                           
                  l/Paym                                                          
                                                                                  
        07 Apr 2026 UPI/095472772782/DR/SU S12786057 1000.00  0.00  8787.46       
                                                                                  
                                                                                  
                                                                                  
                                                                                  
                                                                                  
                                                                                  
                                                                                  
                                                                                  
                                                                                  
                                                                                  
        Date      Particulars      Chq No/Ref No Withdrawal Deposit Balance       
                                                                                  
                  BH/BARB/bhash.sarka@axl                                         
                                                                                  
        07 Apr 2026 UPI/903385864976/DR/JA S10804834 9900.00  0.00  9787.46       
                  YA/SBIN/9830028526@sbi                                          
                                                                                  
        07 Apr 2026 UPI/865836106787/DR/JA S10765368 100.00   0.00 19687.46       
                  YA/SBIN/9830028526@sbi                                          
                                                                                  
        07 Apr 2026 IMPS/P2A/609717990570/ S10270283 0.00  10000.00 19787.46      
                  BARB/TARATECTRADEMA                                             
                  RT                                                              
                                                                                  
        07 Apr 2026 UPI/609757021373/DR/SA S7535809 99.00     0.00  9787.46       
                  NA/YESB/2UX88ATL3DV@                                            
                  ybl                                                             
                                                                                  
                                                                                  
        07 Apr 2026 UPI/865163638212/DR/Air S4461196 403.00   0.00  9886.46       
                  t/UTIB/LPREDIRECT2@axl                                          
                                                                                  
        06 Apr 2026 UPI/814902735012/DR/GO S226593 10000.00   0.00 10289.46       
                  PI/SBIN/434556315@ptsbi                                         
                                                                                  
        06 Apr 2026 UPI/556701834771/CR/BRI S101600 0.00   10000.00 20289.46      
                  G/BARB/48871512-11@ax                                           
                  l/Paym                                                          
                                                                                  
        06 Apr 2026 UPI/635536148522/DR/Ba S99638116 30000.00 0.00 10289.46       
                  nk/BARB/0031020000077                                           
                  7                                                               
                                                                                  
        06 Apr 2026 UPI/306314873442/CR/BRI S99618581 0.00 30000.00 40289.46      
                  G/BARB/48871512-11@yb                                           
                  l/Paym                                                          
                                                                                  
        06 Apr 2026 UPI/662171832730/DR/Air S98986622 453.00  0.00 10289.46       
                  t/UTIB/LPREDIRECT2@axl                                          
                                                                                  
        06 Apr 2026 UPI/048812855514/DR/AN S96604590 6500.00  0.00 10742.46       
                  IR/SBIN/9564866659@ybl                                          
                                                                                  
        06 Apr 2026 UPI/935719101529/CR/BRI S96519952 0.00 10000.00 17242.46      
                  G/BARB/48871512-11@yb                                           
                  l/Paym                                                          
                                                                                  
                                                                                  
        06 Apr 2026 UPI/808711353671/DR/Ba S95905238 5000.00  0.00  7242.46       
                  nk/BARB/0031050000375                                           
                  3                                                               
                                                                                  
        06 Apr 2026 UPI/245666654975/DR/Ba S95864496 20000.00 0.00 12242.46       
                  nk/BARB/0031050000375                                           
                  3                                                               
                                                                                  
                                                                                  
                                                                                  
                                                                                  
                                                                                  
                                                                                  
                                                                                  
                                                                                  
                                                                                  
        Date      Particulars      Chq No/Ref No Withdrawal Deposit Balance       
                                                                                  
        06 Apr 2026 UPI/784281884014/CR/BRI S95845926 0.00 20000.00 32242.46      
                  G/BARB/48871512-11@yb                                           
                  l/Paym                                                          
                                                                                  
        06 Apr 2026 UPI/047776458618/DR/JIS S95568725 10000.00 0.00 12242.46      
                  U/PUNB/8670140584m@p                                            
                  nb                                                              
                                                                                  
        06 Apr 2026 UPI/609614930891/CR/MR S93756362 0.00    230.00 22242.46      
                  S/BDBL/mder17-1@okaxis/                                         
                  UPI                                                             
                                                                                  
        06 Apr 2026 UPI/691734137414/DR/Vo S91346355 453.00   0.00 22012.46       
                  da/YESB/VIINAPPWB@ybl                                           
                                                                                  
        06 Apr 2026 UPI/803693828366/DR/CO S91244263 1170.00  0.00 22465.46       
                  NF/HDFC/n.payu@hdfcbank                                         
                                                                                  
                                                                                  
        06 Apr 2026 UPI/487331415142/DR/Ph S89743311 524.00   0.00 23635.46       
                  on/YESB/44230219611@y                                           
                  bl                                                              
                                                                                  
        05 Apr 2026 UPI/336505578745/DR/BO S83560163 10000.00 0.00 24159.46       
                  B /HDFC/ds.rzp@hdfcbank                                         
                                                                                  
        05 Apr 2026 UPI/434996813034/CR/BRI S83231287 0.00 30000.00 34159.46      
                  G/BARB/48871512-11@yb                                           
                  l/Paym                                                          
                                                                                  
        05 Apr 2026 UPI/414966564773/DR/CO S78955673 1555.00  0.00  4159.46       
                  NF/AIRP/to.payu@mairtel                                         
                                                                                  
        05 Apr 2026 UPI/969877998777/DR/PA S78844954 1500.00  0.00  5714.46       
                  RT/UBIN/th10@okhdfcbank                                         
                                                                                  
        05 Apr 2026 UPI/995584915214/CR/SH S77339598 0.00   1500.00 7214.46       
                  AI/BARB/336096693-4@a                                           
                  xl/Paym                                                         
                                                                                  
        05 Apr 2026 UPI/919696293512/DR/CO S74755687 2065.00  0.00  5714.46       
                  NF/AIRP/to.payu@mairtel                                         
                                                                                  
        05 Apr 2026 UPI/941105579769/DR/Ba S74583124 15243.00 0.00  7779.46       
                  nk/HDFC/5020006102150                                           
                  6                                                               
                                                                                  
                                                                                  
        05 Apr 2026 UPI/732008892980/DR/Ba S74390892 1.00     0.00 23022.46       
                  nk/SBIN/36917535906                                             
                                                                                  
        05 Apr 2026 UPI/609563727682/DR/Go S69601455 99.00    0.00 23023.46       
                  od/YESB/ICARDONLINE@y                                           
                                                                                  
                                                                                  
                                                                                  
                                                                                  
                                                                                  
                                                                                  
                                                                                  
                                                                                  
                                                                                  
        Date      Particulars      Chq No/Ref No Withdrawal Deposit Balance       
                                                                                  
                  bl                                                              
                                                                                  
        04 Apr 2026 UPI/880744777173/DR/SA S66379965 2000.00  0.00 23122.46       
                  MA/INDB/6297139704@yb                                           
                  l                                                               
                                                                                  
        04 Apr 2026 NFS CASH TXN/IN/RAMPA S66012595 10000.00  0.00 25122.46       
                  MB PO TARAPITH PSRAM                                            
                  PURHAT                                                          
                                                                                  
        04 Apr 2026 UPI/426021714869/DR/Ba S64379047 5000.00  0.00 35122.46       
                  nk/CNRB/9564220011493                                           
                  5                                                               
                                                                                  
        04 Apr 2026 UPI/110869524786/DR/Air S62975702 202.00  0.00 40122.46       
                  t/YESB/LPREDIRECT1@ybl                                          
                                                                                  
                                                                                  
        04 Apr 2026 UPI/132232051510/CR/JOY S60824961 0.00 40000.00 40324.46      
                  /SBIN/7483999819@ybl/Pa                                         
                  yme                                                             
                                                                                  
        04 Apr 2026 UPI/121064980047/CR/SU S60448363 0.00    200.00  324.46       
                  CH/PUNB/64-1@okhdfcban                                          
                  k/UPI                                                           
                                                                                  
        03 Apr 2026 UPI/846231178296/DR/JAF S50007407 525.00  0.00   124.46       
                  I/UTIB/52708@okbizaxis                                          
                                                                                  
        03 Apr 2026 UPI/755173277716/DR/TA S49622326 300.00   0.00   649.46       
                  PA/YESB/Q439828008@yb                                           
                  l                                                               
                                                                                  
        03 Apr 2026 UPI/561349546542/DR/Ba S47055835 2500.00  0.00   949.46       
                  nk/BARB/0711020000056                                           
                  9                                                               
                                                                                  
        03 Apr 2026 UPI/452079322197/DR/MR S47038171 1000.00  0.00  3449.46       
                  IN/CNRB/8334862490@axl                                          
                                                                                  
        03 Apr 2026 UPI/217401479542/CR/MS S45374238 0.00    300.00 4449.46       
                  E/BDBL/330119289-3@yb                                           
                  l/Paym                                                          
                                                                                  
        03 Apr 2026 UPI/865083662551/CR/JOY S45117609 0.00  4000.00 4149.46       
                  /SBIN/7483999819@ybl/Pa                                         
                  yme                                                             
                                                                                  
                                                                                  
        02 Apr 2026 UPI/609385662870/DR/CR S36009560 99.00    0.00   149.46       
                  AF/YESB/RAFTOONLINE@                                            
                  ybl                                                             
                                                                                  
                                                                                  
                                                                                  
                                                                                  
                                                                                  
                                                                                  
                                                                                  
                                                                                  
                                                                                  
                                                                                  
        Date      Particulars      Chq No/Ref No Withdrawal Deposit Balance       
                                                                                  
        02 Apr 2026 UPI/609074414178/DR/Ba S32814352 1000.00  0.00   248.46       
                  nk/BARB/0711020000056                                           
                  9                                                               
                                                                                  
        02 Apr 2026 UPI/609245022428/DR/Se S24624717 199.00   0.00  1248.46       
                  ek/YESB/IROHIONLINE@yb                                          
                  l                                                               
                                                                                  
        02 Apr 2026 UPI/537558152313/DR/Ba S23896183 2000.00  0.00  1447.46       
                  nk/BARB/0711020000056                                           
                  9                                                               
                                                                                  
        02 Apr 2026 UPI/465128262539/DR/SH S20762238 1000.00  0.00  3447.46       
                  AI/BARB/336096693-4@a                                           
                  xl                                                              
                                                                                  
        01 Apr 2026 UPI/381538063042/DR/CO S14301226 2062.00  0.00  4447.46       
                  NF/AIRP/to.payu@mairtel                                         
                                                                                  
        01 Apr 2026 NFS CASH TXN/IN/TARAPI S13562449 5000.00  0.00  6509.46       
                  TH OCPT BIRBHUM                                                 
                                                                                  
                                                                                  
        01 Apr 2026 UPI/949504954103/DR/CO S7024348 720.00    0.00 11509.46       
                  NF/AIRP/to.payu@mairtel                                         
                                                                                  
        31 Mar 2026 100136971745:Int.Pd:01-0 S125212 0.00    131.00 12229.46      
                  1-2026 to 31-03-2026                                            
                                                                                  
        31 Mar 2026 UPI/938055881332/DR/Mr S96099329 20.00    0.00 12098.46       
                  S/BDBL/064098497-2@ybl                                          
                                                                                  
        31 Mar 2026 UPI/803455063122/DR/CO S95646080 2070.00  0.00 12118.46       
                  NF/AIRP/to.payu@mairtel                                         
                                                                                  
        31 Mar 2026 UPI/375587169623/DR/PA S95122100 5000.00  0.00 14188.46       
                  RT/UBIN/th10@okhdfcbank                                         
                                                                                  
        31 Mar 2026 UPI/439846031399/DR/Ba S93866899 5000.00  0.00 19188.46       
                  nk/BARB/5717010000243                                           
                  0                                                               
                                                                                  
        31 Mar 2026 UPI/859252091508/DR/Ba S93392706 1000.00  0.00 24188.46       
                  nk/BARB/0031050000374                                           
                  3                                                               
                                                                                  
                                                                                  
        31 Mar 2026 IMPS/P2A/609017930102/ S93378015 25000.00 0.00 25188.46       
                  BARB/BRIGHT BEAM DISP                                           
                  LAY                                                             
                                                                                  
        31 Mar 2026 N/INDBH31039304087/BA S93346425 25000.00  0.00 50188.46       
                  RB/FORTUNER INTERNATI                                           
                                                                                  
                                                                                  
                                                                                  
                                                                                  
                                                                                  
                                                                                  
                                                                                  
                                                                                  
                                                                                  
        Date      Particulars      Chq No/Ref No Withdrawal Deposit Balance       
                                                                                  
                  ONA                                                             
                                                                                  
        31 Mar 2026 UPI/072028512295/DR/Ba S93319928 15000.00 0.00 75188.46       
                  nk/BARB/0031050000374                                           
                  3                                                               
                                                                                  
        31 Mar 2026 UPI/226757830513/CR/SU S93285167 0.00  10000.00 90188.46      
                  BH/SBIN/ubhajit3861@axl/                                        
                  Paym                                                            
                                                                                  
        31 Mar 2026 UPI/959155301497/CR/SU S93275042 0.00  40000.00 80188.46      
                  BH/SBIN/ubhajit3861@axl/                                        
                  Paym                                                            
                                                                                  
        31 Mar 2026 UPI/608062344944/CR/SU S92382831 0.00  40000.00 40188.46      
                  BH/SBIN/ubhajit3861@axl/                                        
                  Paym                                                            
                                                                                  
                                                                                  
        31 Mar 2026 UPI/609000513888/DR/SA S90692397 99.00    0.00   188.46       
                  NA/YESB/2UX88ATL3DV@                                            
                  ybl                                                             
                                                                                  
        30 Mar 2026 UPI/869506788164/DR/ZO S84270769 351.48   0.00   287.46       
                  MA/HDFC/32.rzp@hdfcban                                          
                  k                                                               
                                                                                  
        30 Mar 2026 UPI/217116721368/DR/MR S77361455 30.00    0.00   638.94       
                  S/YESB/Q700056095@ybl                                           
                                                                                  
        30 Mar 2026 UPI/516571809725/DR/SO S76457578 50.00    0.00   668.94       
                  FT/YESB/Q803258234@ybl                                          
                                                                                  
        30 Mar 2026 UPI/653580600381/DR/PIN S73755732 960.00  0.00   718.94       
                  T/BARB/tubirik29@oksbi                                          
                                                                                  
        29 Mar 2026 UPI/220602719771/DR/TA S68136811 300.00   0.00  1678.94       
                  PA/YESB/Q439828008@yb                                           
                  l                                                               
                                                                                  
        29 Mar 2026 UPI/645490200139/CR/GO S67924874 0.00   1650.00 1978.94       
                  PA/KKBK/sh386-2@okicici/                                        
                  boat                                                            
                                                                                  
        27 Mar 2026 UPI/271448209523/CR/Aru S36552995 0.00   80.00   328.94       
                  p/SBIN/477454957-2@ibl/                                         
                  Paym                                                            
                                                                                  
                                                                                  
        27 Mar 2026 UPI/411052392234/DR/CO S30843923 735.00   0.00   248.94       
                  NF/AIRP/to.payu@mairtel                                         
                                                                                  
        26 Mar 2026 UPI/131357868045/DR/ZO S25836431 211.83   0.00   983.94       
                                                                                  
                                                                                  
                                                                                  
                                                                                  
                                                                                  
                                                                                  
                                                                                  
                                                                                  
                                                                                  
        Date      Particulars      Chq No/Ref No Withdrawal Deposit Balance       
                                                                                  
                  MA/HDFC/d.payu@hdfcban                                          
                  k                                                               
                                                                                  
        26 Mar 2026 UPI/891431349628/CR/Aru S22451459 0.00   310.00 1195.77       
                  p/SBIN/477454957-2@ibl/                                         
                  Paym                                                            
                                                                                  
        26 Mar 2026 UPI/102979836551/DR/Wy S18632917 279.00   0.00   885.77       
                  nk/HDFC/y.payu@hdfcbank                                         
                                                                                  
        26 Mar 2026 UPI/313844250856/CR/Zoo S18129221 0.00   529.00 1164.77       
                  p/UTIB/6.payu@axisbank/p                                        
                  ayU                                                             
                                                                                  
        26 Mar 2026 UPI/307632430856/DR/Go S17626195 340.00   0.00   635.77       
                  og/UTIB/ystore@axisbank                                         
                                                                                  
                                                                                  
        26 Mar 2026 UPI/608502167630/DR/Au S16768477 580.00   0.00   975.77       
                  to/YESB/ELECTRICITY@ybl                                         
                                                                                  
        25 Mar 2026 UPI/506751071938/DR/ET S11419643 243.51   0.00  1555.77       
                  ER/AIRP/der.rzp@mairtel                                         
                                                                                  
        24 Mar 2026 UPI/896852786509/DR/ZO S96187578 227.53   0.00  1799.28       
                  MA/YESB/ato-order@ptybl                                         
                                                                                  
        24 Mar 2026 UPI/862341110836/DR/Go S90261401 59.00    0.00  2026.81       
                  og/utib/re1.bd@axisbank                                         
                                                                                  
        24 Mar 2026 UPI/608305930992/DR/SA S88517812 99.00    0.00  2085.81       
                  NA/YESB/2UX88ATL3DV@                                            
                  ybl                                                             
                                                                                  
        24 Mar 2026 UPI/787857756466/DR/CO S87746493 519.00   0.00  2184.81       
                  NF/AIRP/to.payu@mairtel                                         
                                                                                  
        24 Mar 2026 UPI/460452150879/DR/Jio S84920928 353.00  0.00  2703.81       
                  /YESB/INAPPDIRECT@ybl                                           
                                                                                  
        23 Mar 2026 UPI/954576467847/DR/CO S78486575 940.00   0.00  3056.81       
                  NF/HDFC/n.payu@hdfcbank                                         
                                                                                  
                                                                                  
        23 Mar 2026 UPI/045519111386/DR/ZO S73234718 529.00   0.00  3996.81       
                  OP/UTIB/6.payu@axisbank                                         
                                                                                  
        22 Mar 2026 UPI/649418480322/DR/Air S67348044 706.00  0.00  4525.81       
                  /YESB/-80575022@ptybl                                           
                                                                                  
        22 Mar 2026 UPI/370972110188/DR/AR S67233892 5000.00  0.00  5231.81       
                  TH/UTIB/e.payu@axisbank                                         
                                                                                  
                                                                                  
                                                                                  
                                                                                  
                                                                                  
                                                                                  
                                                                                  
                                                                                  
                                                                                  
                                                                                  
        Date      Particulars      Chq No/Ref No Withdrawal Deposit Balance       
                                                                                  
        22 Mar 2026 UPI/120431793578/CR/NIR S66567341 0.00   850.00 10231.81      
                  M/HDFC/02-2@okhdfcban                                           
                  k/UPI                                                           
                                                                                  
        22 Mar 2026 UPI/649230390321/CR/GA S62910725 0.00    150.00 9381.81       
                  UR/UTIB/asadgaurab2@axl/                                        
                  Paym                                                            
                                                                                  
        22 Mar 2026 UPI/868515265612/DR/ZO S56314152 566.67   0.00  9231.81       
                  MA/YESB/ato-order@ptybl                                         
                                                                                  
        21 Mar 2026 UPI/528025164768/DR/Ba S48657613 1000.00  0.00  9798.48       
                  nk/BARB/0031050000374                                           
                  3                                                               
                                                                                  
        21 Mar 2026 UPI/221853559100/DR/Ba S48439632 10000.00 0.00 10798.48       
                  nk/BARB/0031050000374                                           
                  3                                                               
                                                                                  
        21 Mar 2026 UPI/441274433451/CR/JOY S48397578 0.00 20000.00 20798.48      
                  /SBIN/7483999819@ybl/Pa                                         
                  yme                                                             
                                                                                  
                                                                                  
        20 Mar 2026 UPI/609365879259/DR/Ba S38818726 3000.00  0.00   798.48       
                  nk/BARB/5717010000243                                           
                  0                                                               
                                                                                  
        20 Mar 2026 UPI/123993186581/CR/SU S38800479 0.00    450.00 3798.48       
                  SH/SBIN/001061181-2@yb                                          
                  l/Paym                                                          
                                                                                  
        20 Mar 2026 UPI/167053430796/DR/Go S37199704 650.00   0.00  3348.48       
                  og/UTIB/ystore@axisbank                                         
                                                                                  
        20 Mar 2026 UPI/120326847461/CR/AN S37073058 0.00    400.00 3998.48       
                  KU/CNRB/ne-2@okhdfcban                                          
                  k/UPI                                                           
                                                                                  
        19 Mar 2026 UPI/644490190288/CR/KA S24776745 0.00    450.00 3598.48       
                  US/ICIC/ar776-2@okicici/U                                       
                  PI                                                              
                                                                                  
        19 Mar 2026 ATM CASH TXN/INDUSIND S23935921 5000.00   0.00  3148.48       
                  BANK LIMITED KOLKATA                                            
                  WB                                                              
                                                                                  
        19 Mar 2026 UPI/627620966597/CR/AM S23925041 0.00   5000.00 8148.48       
                  IT/BARB/48871512-10@yb                                          
                  l/Paym                                                          
                                                                                  
        19 Mar 2026 UPI/765131290786/DR/Go S11858659 89.00    0.00  3148.48       
                                                                                  
                                                                                  
                                                                                  
                                                                                  
                                                                                  
                                                                                  
                                                                                  
                                                                                  
                                                                                  
                                                                                  
        Date      Particulars      Chq No/Ref No Withdrawal Deposit Balance       
                                                                                  
                  og/UTIB/ystore@axisbank                                         
                                                                                  
        18 Mar 2026 UPI/272883644509/DR/Ba S8263631 10000.00  0.00  3237.48       
                  nk/BARB/5717010000243                                           
                  0                                                               
                                                                                  
        18 Mar 2026 UPI/223227095500/CR/SU S8240660 0.00   12900.00 13237.48      
                  BH/BARB/bhash.sarka@axl/                                        
                  Paym                                                            
                                                                                  
        18 Mar 2026 UPI/422038245338/CR/SU S8197074 0.00     100.00  337.48       
                  BH/BARB/bhash.sarka@axl/                                        
                  Paym                                                            
                                                                                  
        18 Mar 2026 UPI/601166774310/CR/MD S5443236 0.00      5.00   237.48       
                  S/KKBK/290865028@ptye                                           
                  s/Sent                                                          
                                                                                  
                                                                                  
        17 Mar 2026 UPI/607688522583/DR/SA S87678566 99.00    0.00   232.48       
                  NA/YESB/2UX88ATL3DV@                                            
                  ybl                                                             
                                                                                  
        17 Mar 2026 UPI/644235897405/CR/BIS S86950139 0.00   180.00  331.48       
                  W/UTIB/wajit095@okaxis/C                                        
                  har                                                             
                                                                                  
        16 Mar 2026 UPI/498155742970/DR/Ba S73705901 3500.00  0.00   151.48       
                  nk/BARB/5717010000243                                           
                  0                                                               
                                                                                  
        16 Mar 2026 UPI/630119484107/DR/Ma S72089265 299.00   0.00  3651.48       
                  st/NSPB/@cashfreensdlpb                                         
                                                                                  
        16 Mar 2026 UPI/453838755506/DR/FA S70411041 1400.00  0.00  3950.48       
                  RI/SBIN/gmondal74@oksbi                                         
                                                                                  
        16 Mar 2026 UPI/109390444588/DR/BO S66718522 99.00    0.00  5350.48       
                  RN/ICIC/04556.rzp@icici                                         
                                                                                  
        15 Mar 2026 UPI/140177173424/DR/CO S62700804 3051.00  0.00  5449.48       
                  NF/AIRP/to.payu@mairtel                                         
                                                                                  
        15 Mar 2026 UPI/547140181174/DR/AR S59858779 7143.73  0.00  8500.48       
                  TH/UTIB/e.payu@axisbank                                         
                                                                                  
                                                                                  
        15 Mar 2026 ATM CASH TXN/INDUSIND S56406735 5000.00   0.00 15644.21       
                  BANK LIMITED KOLKATA                                            
                  WB                                                              
                                                                                  
        15 Mar 2026 UPI/979438402885/DR/TH S56355840 420.00   0.00 20644.21       
                  E /HDFC/984690@hdfcban                                          
                                                                                  
                                                                                  
                                                                                  
                                                                                  
                                                                                  
                                                                                  
                                                                                  
                                                                                  
                                                                                  
        Date      Particulars      Chq No/Ref No Withdrawal Deposit Balance       
                                                                                  
                  k                                                               
                                                                                  
        15 Mar 2026 UPI/687589029464/CR/SH S55836656 0.00   4000.00 21064.21      
                  AI/BARB/336096693-4@a                                           
                  xl/Paym                                                         
                                                                                  
        15 Mar 2026 UPI/671143177027/DR/Sri S53308453 851.00  0.00 17064.21       
                  m/UTIB/8943.rzp@rxaxis                                          
                                                                                  
        14 Mar 2026 UPI/516490777913/CR/AN S45591487 0.00    850.00 17915.21      
                  AN/PUNB/7319087475@a                                            
                  xl/Payme                                                        
                                                                                  
        14 Mar 2026 UPI/823187255199/CR/JOY S44163701 0.00  8000.00 17065.21      
                  /SBIN/7483999819@ybl/Pa                                         
                  yme                                                             
                                                                                  
                                                                                  
        14 Mar 2026 UPI/109380714951/DR/So S43429158 399.00   0.00  9065.21       
                  ny/ICIC/es14.payu@icici                                         
                                                                                  
        14 Mar 2026 UPI/614018775343/DR/MI S42763033 9300.00  0.00  9464.21       
                  TH/CNRB/thun80-1@okaxi                                          
                  s                                                               
                                                                                  
        14 Mar 2026 UPI/773990503837/CR/JOY S41978160 0.00 15000.00 18764.21      
                  /SBIN/7483999819@ybl/Pa                                         
                  yme                                                             
                                                                                  
        14 Mar 2026 UPI/083900724729/DR/Ma S40363433 1.00     0.00  3764.21       
                  st/NSPB/@cashfreensdlpb                                         
                                                                                  
        13 Mar 2026 UPI/691597051620/DR/Rin S36447209 800.00  0.00  3765.21       
                  k/BARB/8017695671@ybl                                           
                                                                                  
        13 Mar 2026 UPI/941991920287/DR/SH S35041120 1000.00  0.00  4565.21       
                  AI/BARB/336096693-4@y                                           
                  bl                                                              
                                                                                  
        12 Mar 2026 UPI/917334601996/DR/PA S21104214 2000.00  0.00  5565.21       
                  RT/UBIN/th10@okhdfcbank                                         
                                                                                  
        12 Mar 2026 UPI/590280309471/CR/AK S19659421 0.00    700.00 7565.21       
                  AS/PUNB/289757353-2@y                                           
                  bl/Paym                                                         
                                                                                  
                                                                                  
        12 Mar 2026 UPI/448414365266/DR/Ba S15255036 60000.00 0.00  6865.21       
                  nk/BARB/5717010000243                                           
                  0                                                               
                                                                                  
        12 Mar 2026 UPI/702689682798/CR/JOY S14460923 0.00 50000.00 66865.21      
                  /SBIN/7483999819@ybl/Pa                                         
                                                                                  
                                                                                  
                                                                                  
                                                                                  
                                                                                  
                                                                                  
                                                                                  
                                                                                  
                                                                                  
        Date      Particulars      Chq No/Ref No Withdrawal Deposit Balance       
                                                                                  
                  yme                                                             
                                                                                  
        12 Mar 2026 UPI/761298242696/DR/SH S7276448 1000.00   0.00 16865.21       
                  AI/BARB/336096693-4@y                                           
                  bl                                                              
                                                                                  
        11 Mar 2026 NFS CASH TXN/IN/RAMPA S3875016 10000.00   0.00 17865.21       
                  MB PO TARAPITH PSRAM                                            
                  PURHAT                                                          
                                                                                  
        11 Mar 2026 UPI/466264175613/DR/Del S97079719 1008.00 0.00 27865.21       
                  h/YESB/hivery123@ptybl                                          
                                                                                  
        10 Mar 2026 UPI/429543073699/DR/SH S92021334 1000.00  0.00 28873.21       
                  AI/BARB/336096693-4@y                                           
                  bl                                                              
                                                                                  
                                                                                  
        10 Mar 2026 UPI/405148460036/DR/JA S85621334 924.00   0.00 29873.21       
                  Y /YESB/Q837490622@ybl                                          
                                                                                  
        10 Mar 2026 UPI/857485531507/DR/SO S85298723 4000.00  0.00 30797.21       
                  MN/BARB/6291072117@y                                            
                  bl                                                              
                                                                                  
        10 Mar 2026 UPI/483494074650/DR/Ph S84645468 1001.00  0.00 34797.21       
                  on/YESB/48450219373@y                                           
                  bl                                                              
                                                                                  
        10 Mar 2026 UPI/606917671563/DR/SA S82937040 99.00    0.00 35798.21       
                  NA/YESB/2UX88ATL3DV@                                            
                  ybl                                                             
                                                                                  
        10 Mar 2026 UPI/488714452626/CR/SU S81325389 0.00  34800.00 35897.21      
                  BH/DBSS/subhajit386@axl/                                        
                  Paym                                                            
                                                                                  
        09 Mar 2026 UPI/503969111812/DR/HA S75309590 386.00   0.00  1097.21       
                  TA/YESB/Q049778714@yb                                           
                  l                                                               
                                                                                  
        09 Mar 2026 UPI/811625817973/DR/Ba S74727485 5000.00  0.00  1483.21       
                  nk/BARB/5717010000243                                           
                  0                                                               
                                                                                  
        09 Mar 2026 IMPS/P2A/606820497201/ S73332307 25000.00 0.00  6483.21       
                  BARB/tara tec trade mart                                        
                                                                                  
                                                                                  
        09 Mar 2026 IMPS/P2A/606820497022/ S73306840 25000.00 0.00 31483.21       
                  BARB/Amit Kumar shaw                                            
                                                                                  
        09 Mar 2026 UPI/075563876571/CR/BRI S73194841 0.00 49900.00 56483.21      
                                                                                  
                                                                                  
                                                                                  
                                                                                  
                                                                                  
                                                                                  
                                                                                  
                                                                                  
                                                                                  
        Date      Particulars      Chq No/Ref No Withdrawal Deposit Balance       
                                                                                  
                  G/BARB/48871512-11@ax                                           
                  l/Paym                                                          
                                                                                  
        09 Mar 2026 UPI/635917328266/CR/BRI S73163444 0.00   100.00 6583.21       
                  G/BARB/48871512-11@yb                                           
                  l/Paym                                                          
                                                                                  
        09 Mar 2026 UPI/162635833695/CR/AM S69159753 0.00   5200.00 6483.21       
                  IT/BARB/8017488214@up                                           
                  i/NO RE                                                         
                                                                                  
        07 Mar 2026 UPI/612154389136/DR/HA S45794350 315.00   0.00  1283.21       
                  TA/YESB/Q049778714@yb                                           
                  l                                                               
                                                                                  
        07 Mar 2026 UPI/634643458670/DR/SU S45683027 3000.00  0.00  1598.21       
                  BH/BARB/bhash.sarka@axl                                         
                                                                                  
                                                                                  
        07 Mar 2026 UPI/606671431117/CR/Siy S44198247 0.00   400.00 4598.21       
                  a/SBIN/eysiyaram@oksbi/U                                        
                  PI                                                              
                                                                                  
        07 Mar 2026 UPI/320384849595/DR/Ba S42808636 20000.00 0.00  4198.21       
                  nk/BARB/5717010000243                                           
                  0                                                               
                                                                                  
        07 Mar 2026 UPI/606692419565/CR/NA S42301313 0.00   2700.00 24198.21      
                  BE/BARB/itanag.u@okaxis/                                        
                  UPI                                                             
                                                                                  
        07 Mar 2026 UPI/275383586526/DR/Ba S39323583 885.00   0.00 21498.21       
                  nk/UCBA/0821321102422                                           
                  4                                                               
                                                                                  
        06 Mar 2026 UPI/082437155709/DR/HA S30162788 284.00   0.00 22383.21       
                  TA/YESB/Q049778714@yb                                           
                  l                                                               
                                                                                  
        06 Mar 2026 UPI/549414569916/CR/SA S25325303 0.00   2500.00 22667.21      
                  NJ/SBIN/9883663188@axl/                                         
                  Payme                                                           
                                                                                  
        06 Mar 2026 UPI/402960511872/DR/CO S24486329 260.00   0.00 20167.21       
                  NF/AIRP/to.payu@mairtel                                         
                                                                                  
        06 Mar 2026 UPI/643125011982/CR/BH S23276686 0.00    850.00 20427.21      
                  AR/KKBK/.ashara1@okaxis/                                        
                  UPI                                                             
                                                                                  
        05 Mar 2026 UPI/063636747661/DR/SU S14028441 300.00   0.00 19577.21       
                  BH/BARB/bhash.sarka@ybl                                         
                                                                                  
                                                                                  
                                                                                  
                                                                                  
                                                                                  
                                                                                  
                                                                                  
                                                                                  
                                                                                  
                                                                                  
        Date      Particulars      Chq No/Ref No Withdrawal Deposit Balance       
                                                                                  
        05 Mar 2026 N/INDBH05035113471/SBI S10355337 50000.00 0.00 19877.21       
                  N/GOPI NATH SAHA MOU                                            
                  S                                                               
                                                                                  
        05 Mar 2026 UPI/018616444423/DR/SU S9857505 3160.00   0.00 69877.21       
                  BH/YESB/Q718872163@yb                                           
                  l                                                               
                                                                                  
        05 Mar 2026 UPI/606474773813/DR/Go S7574303 99.00     0.00 73037.21       
                  od/YESB/ICARDONLINE@y                                           
                  bl                                                              
                                                                                  
        04 Mar 2026 UPI/304195777109/DR/Ba S99681974 16000.00 0.00 73136.21       
                  nk/UCBA/0821321102422                                           
                  4                                                               
                                                                                  
        04 Mar 2026 UPI/742732535708/DR/BO S99670404 10000.00 0.00 89136.21       
                  B /HDFC/ds.rzp@hdfcbank                                         
                                                                                  
        04 Mar 2026 UPI/779598225993/DR/Ba S99431969 1.00     0.00 99136.21       
                  nk/UCBA/0821321102422                                           
                  4                                                               
                                                                                  
                                                                                  
        04 Mar 2026 UPI/035490121133/DR/BO S91677431 10000.00 0.00 99137.21       
                  B /UTIB/ds.rzp@axisbank                                         
                                                                                  
        04 Mar 2026 N/INDBH04034912252/SBI S91606192 20000.00 0.00 109137.21      
                  N/GOPI NATH SAHA MOU                                            
                  S                                                               
                                                                                  
        04 Mar 2026 IMPS/P2A/606310512791/ S89533932 20000.00 0.00 129137.21      
                  SBIN/SUBHAJIT DAS                                               
                                                                                  
        04 Mar 2026 UPI/454968106646/DR/Ba S89490076 2000.00  0.00 149137.21      
                  nk/BARB/0031050000375                                           
                  3                                                               
                                                                                  
        04 Mar 2026 UPI/643511786211/DR/SU S88732672 20000.00 0.00 151137.21      
                  BH/SBIN/ubhajit3861@axl                                         
                                                                                  
        03 Mar 2026 UPI/606360487283/DR/CR S86040071 99.00    0.00 171137.21      
                  AF/YESB/RAFTOONLINE@                                            
                  ybl                                                             
                                                                                  
        03 Mar 2026 UPI/298624407525/DR/SU S85602216 20000.00 0.00 171236.21      
                  BH/DBSS/038129134@pts                                           
                  bi                                                              
                                                                                  
        03 Mar 2026 UPI/060463695169/DR/Ph S81723203 311.00   0.00 191236.21      
                  on/YESB/44230219611@y                                           
                  bl                                                              
                                                                                  
                                                                                  
                                                                                  
                                                                                  
                                                                                  
                                                                                  
                                                                                  
                                                                                  
                                                                                  
                                                                                  
        Date      Particulars      Chq No/Ref No Withdrawal Deposit Balance       
                                                                                  
        03 Mar 2026 UPI/174088446503/DR/Ph S81700133 1591.00  0.00 191547.21      
                  on/YESB/44230219611@y                                           
                  bl                                                              
                                                                                  
        03 Mar 2026 UPI/073651911428/DR/Ph S81676517 1741.00  0.00 193138.21      
                  on/YESB/44230219611@y                                           
                  bl                                                              
                                                                                  
        03 Mar 2026 UPI/280743854532/DR/SU S77734543 10000.00 0.00 194879.21      
                  BH/DBSS/038129134@pts                                           
                  bi                                                              
                                                                                  
        03 Mar 2026 UPI/614743617492/DR/SU S77732199 10000.00 0.00 204879.21      
                  BH/DBSS/038129134@pts                                           
                  bi                                                              
                                                                                  
        03 Mar 2026 UPI/606273734445/DR/SA S77467698 99.00    0.00 214879.21      
                  NA/YESB/2UX88ATL3DV@                                            
                  ybl                                                             
                                                                                  
        03 Mar 2026 UPI/405002278930/DR/Go S76791769 9999.00  0.00 214978.21      
                  od/AIRP/re.payu@mairtel                                         
                                                                                  
                                                                                  
        03 Mar 2026 UPI/021136446162/DR/SU S76490897 10000.00 0.00 224977.21      
                  BH/DBSS/038129134@pts                                           
                  bi                                                              
                                                                                  
        03 Mar 2026 UPI/554450358949/DR/SU S76477924 10000.00 0.00 234977.21      
                  BH/DBSS/038129134@pts                                           
                  bi                                                              
                                                                                  
        03 Mar 2026 UPI/783706121969/CR/SH S74048491 0.00   4500.00 244977.21     
                  AI/BARB/336096693-4@a                                           
                  xl/Paym                                                         
                                                                                  
        02 Mar 2026 UPI/741382517986/DR/SH S70285819 6500.00  0.00 240477.21      
                  AI/BARB/336096693-4@y                                           
                  bl                                                              
                                                                                  
        02 Mar 2026 UPI/845836254827/DR/SU S67788158 8000.00  0.00 246977.21      
                  BH/BARB/bhash.sarka@ybl                                         
                                                                                  
        02 Mar 2026 UPI/326406923276/DR/Ba S67425029 30000.00 0.00 254977.21      
                  nk/BARB/0031020000077                                           
                  7                                                               
                                                                                  
        02 Mar 2026 R/PUNBR5202603021390 S66843237  0.00  282500.00 284977.21     
                  0085/PUNB0014620/DIPN                                           
                  ATH DAS                                                         
                                                                                  
        02 Mar 2026 UPI/637214062413/CR/PR S66558653 0.00    800.00 2477.21       
                                                                                  
                                                                                  
                                                                                  
                                                                                  
                                                                                  
                                                                                  
                                                                                  
                                                                                  
                                                                                  
                                                                                  
        Date      Particulars      Chq No/Ref No Withdrawal Deposit Balance       
                                                                                  
                  EM/SBIN/062774428-2@a                                           
                  xl/Paym                                                         
                                                                                  
        02 Mar 2026 UPI/967256460262/DR/PA S64789155 2000.00  0.00  1677.21       
                  RT/UBIN/th10@okhdfcbank                                         
                                                                                  
        02 Mar 2026 UPI/763964264824/DR/Del S62488838 1660.00 0.00  3677.21       
                  h/YESB/hivery123@ptybl                                          
                                                                                  
        02 Mar 2026 UPI/462682529580/DR/Ba S61045093 1000.00  0.00  5337.21       
                  nk/CNRB/9564220011493                                           
                  5                                                               
                                                                                  
        02 Mar 2026 UPI/549788280875/DR/Ba S60991150 30000.00 0.00  6337.21       
                  nk/BARB/0031020000077                                           
                  7                                                               
                                                                                  
                                                                                  
        02 Mar 2026 UPI/598948293174/DR/FO S60255866 454.00   0.00 36337.21       
                  OD/HDFC/892048@hdfcba                                           
                  nk                                                              
                                                                                  
        02 Mar 2026 UPI/457584020601/DR/MA S58936141 43.00    0.00 36791.21       
                  NO/BARB/8779963447@y                                            
                  bl                                                              
                                                                                  
        02 Mar 2026 UPI/606130569095/DR/Se S58186371 199.00   0.00 36834.21       
                  ek/YESB/IROHIONLINE@yb                                          
                  l                                                               
                                                                                  
        02 Mar 2026 UPI/403529121839/DR/Air S57363896 353.00  0.00 37033.21       
                  t/UTIB/LPREDIRECT1@axl                                          
                                                                                  
        02 Mar 2026 UPI/607185988520/DR/Ba S55267490 2000.00  0.00 37386.21       
                  nk/CNRB/2019101032203                                           
                                                                                  
        01 Mar 2026 UPI/759306572982/DR/CO S47636331 799.00   0.00 39386.21       
                  NF/AIRP/to.payu@mairtel                                         
                                                                                  
        01 Mar 2026 UPI/401865294905/DR/BO S46025009 10000.00 0.00 40185.21       
                  B /HDFC/ds.rzp@hdfcbank                                         
                                                                                  
        01 Mar 2026 UPI/271722341309/CR/JOY S42819259 0.00 50000.00 50185.21      
                  /SBIN/7483999819@ybl/Pa                                         
                  yme                                                             
                                                                                  
                                                                                  
        01 Mar 2026 UPI/993172306782/DR/SH S42701066 2000.00  0.00   185.21       
                  AI/BARB/336096693-4@y                                           
                  bl                                                              
                                                                                  
        01 Mar 2026 UPI/263134025711/DR/A K S40719610 160.00  0.00  2185.21       
                  /BARB/7929@barodampay                                           
                                                                                  
                                                                                  
                                                                                  
                                                                                  
                                                                                  
                                                                                  
                                                                                  
                                                                                  
                                                                                  
        Date      Particulars      Chq No/Ref No Withdrawal Deposit Balance       
                                                                                  
        28 Feb 2026 UPI/203502156780/DR/Ba S35136972 5000.00  0.00  2345.21       
                  nk/BARB/0031050000375                                           
                  3                                                               
                                                                                  
        28 Feb 2026 UPI/215196125821/DR/HA S34475417 692.00   0.00  7345.21       
                  TA/YESB/Q049778714@yb                                           
                  l                                                               
                                                                                  
        28 Feb 2026 UPI/437400956182/DR/Ba S31943630 5000.00  0.00  8037.21       
                  nk/BARB/0031050000375                                           
                  3                                                               
                                                                                  
        28 Feb 2026 UPI/809467582701/CR/JOY S31194002 0.00  7500.00 13037.21      
                  /SBIN/7483999819@ybl/Pa                                         
                  yme                                                             
                                                                                  
        28 Feb 2026 UPI/753188456900/DR/Ba S26884770 5000.00  0.00  5537.21       
                  nk/BARB/0031050000375                                           
                  3                                                               
                                                                                  
        28 Feb 2026 UPI/927137402202/CR/Mr S26857755 0.00  10000.00 10537.21      
                  A/IDIB/9123076718@ibl/P                                         
                  ayme                                                            
                                                                                  
                                                                                  
        26 Feb 2026 UPI/102787311020/DR/Wy S3014770 279.00    0.00   537.21       
                  nk/HDFC/y.payu@hdfcbank                                         
                                                                                  
        26 Feb 2026 UPI/138494671775/DR/SU S673323 100.00     0.00   816.21       
                  BH/BARB/bhash.sarka@ybl                                         
                                                                                  
        26 Feb 2026 NFS CASH TXN/IN/SARSU S86260  9000.00     0.00   916.21       
                  NA MAIN ROAD 2ND KOLK                                           
                  ATA                                                             
                                                                                  
        26 Feb 2026 NFS CASH TXN/IN/SARSU S64329 10000.00     0.00  9916.21       
                  NA MAIN ROAD 2ND KOLK                                           
                  ATA                                                             
                                                                                  
        26 Feb 2026 IMPS/P2A/605715537103/ S99894662 0.00  15000.00 19916.21      
                  BARB/TARATECTRADEMA                                             
                  RT                                                              
                                                                                  
        26 Feb 2026 UPI/570469470576/DR/Go S98215080 340.00   0.00  4916.21       
                  og/UTIB/ystore@axisbank                                         
                                                                                  
        26 Feb 2026 R/INDBR32026022600720 S97663640 350000.00 0.00  5256.21       
                  719/SBIN/NIKHIL CHANDR                                          
                  A                                                               
                                                                                  
        26 Feb 2026 IMPS/P2A/605713224277/ S97660467 0.00  15000.00 355256.21     
                  BARB/TARATECTRADEMA                                             
                                                                                  
                                                                                  
                                                                                  
                                                                                  
                                                                                  
                                                                                  
                                                                                  
                                                                                  
                                                                                  
                                                                                  
        Date      Particulars      Chq No/Ref No Withdrawal Deposit Balance       
                                                                                  
                  RT                                                              
                                                                                  
        26 Feb 2026 UPI/084577278830/DR/Ba S97264106 10720.00 0.00 340256.21      
                  nk/SBIN/38410729730                                             
                                                                                  
        26 Feb 2026 N/INDBH26023830477/BA S97154576 170000.00 0.00 350976.21      
                  RB/Amit Kumar shaw                                              
                                                                                  
        26 Feb 2026 R/PUNBR5202602261370 S97113793  0.00  500000.00 520976.21     
                  6337/PUNB0014620/DIPN                                           
                  ATH DAS                                                         
                                                                                  
        26 Feb 2026 UPI/648333763753/DR/Ba S96774650 1.00     0.00 20976.21       
                  nk/SBIN/38410729730                                             
                                                                                  
                                                                                  
        26 Feb 2026 UPI/785543845949/DR/Ba S96537233 30000.00 0.00 20977.21       
                  nk/BARB/5717010000243                                           
                  0                                                               
                                                                                  
        25 Feb 2026 UPI/605756795362/DR/Au S93219127 600.00   0.00 50977.21       
                  to/YESB/ELECTRICITY@ybl                                         
                                                                                  
        25 Feb 2026 UPI/490214350692/DR/SH S90965095 200.00   0.00 51577.21       
                  AI/BARB/336096693-4@y                                           
                  bl                                                              
                                                                                  
        25 Feb 2026 UPI/889805100578/DR/Co S87691639 420.00   0.00 51777.21       
                  ok/YESB/Q793834412@ybl                                          
                                                                                  
        25 Feb 2026 UPI/387496852942/DR/SH S87671206 600.00   0.00 52197.21       
                  AI/BARB/336096693-4@y                                           
                  bl                                                              
                                                                                  
        25 Feb 2026 UPI/605610949448/CR/BIB S85766345 0.00 30000.00 52797.21      
                  E/SBIN/ndation-2@oksbi/U                                        
                  PI                                                              
                                                                                  
        25 Feb 2026 UPI/605612726882/CR/AN S84990627 0.00  20000.00 22797.21      
                  NA/BARB/ation-30@okaxis/                                        
                  UPI                                                             
                                                                                  
        25 Feb 2026 ATM CASH TXN/INDUSIND S84037624 15000.00  0.00  2797.21       
                  BANK LIMITED KOLKATA                                            
                  WB                                                              
                                                                                  
                                                                                  
        25 Feb 2026 IMPS/P2A/605613151982/ S83938911 0.00  15000.00 17797.21      
                  BARB/TARATECTRADEMA                                             
                  RT                                                              
                                                                                  
        25 Feb 2026 UPI/458549508184/DR/Sa S83151694 179.00   0.00  2797.21       
                  mi/SBIN/9679896502@yap                                          
                                                                                  
                                                                                  
                                                                                  
                                                                                  
                                                                                  
                                                                                  
                                                                                  
                                                                                  
                                                                                  
        Date      Particulars      Chq No/Ref No Withdrawal Deposit Balance       
                                                                                  
                  l                                                               
                                                                                  
        24 Feb 2026 UPI/743884069600/DR/AS S77987749 499.00   0.00  2976.21       
                  TR/AIRP/mku.rzp@mairtel                                         
                                                                                  
        24 Feb 2026 UPI/447584634587/DR/Ba S77839752 5000.00  0.00  3475.21       
                  nk/BARB/0031020000077                                           
                  7                                                               
                                                                                  
        24 Feb 2026 UPI/599891804780/DR/HA S77802004 155.00   0.00  8475.21       
                  TA/YESB/Q049778714@yb                                           
                  l                                                               
                                                                                  
        24 Feb 2026 UPI/212213510556/DR/Go S72501307 59.00    0.00  8630.21       
                  og/utib/re1.bd@axisbank                                         
                                                                                  
                                                                                  
        24 Feb 2026 UPI/605539121032/DR/Go S70934102 99.00    0.00  8689.21       
                  od/YESB/ICARDONLINE@y                                           
                  bl                                                              
                                                                                  
        24 Feb 2026 UPI/605551216794/DR/SA S70649608 99.00    0.00  8788.21       
                  NA/YESB/2UX88ATL3DV@                                            
                  ybl                                                             
                                                                                  
        24 Feb 2026 To Non Maintenance charge M454397 576.31  0.00  8887.21       
                  s Jan 2026                                                      
                                                                                  
        24 Feb 2026 N/INDBH24023541459/SBI S67788738 150000.00 0.00 9463.52       
                  N/NIKHIL CHANDRA DAS..                                          
                                                                                  
        24 Feb 2026 R/INDBR32026022400632 S65984519 500000.00 0.00 159463.52      
                  524/SBIN/NIKHIL CHANDR                                          
                  A                                                               
                                                                                  
        24 Feb 2026 N/BARBP26054232549/BA S64941117 0.00  200000.00 659463.52     
                  RB0LANSDO/TARATEC TR                                            
                  ADE MART                                                        
                                                                                  
        24 Feb 2026 N/BARBP26054232555/BA S64936397 0.00  200000.00 459463.52     
                  RB0LANSDO/TARATEC TR                                            
                  ADE MART                                                        
                                                                                  
        23 Feb 2026 N/BARBF26055426035/BA S64818870 0.00  100000.00 259463.52     
                  RB0LANSDO/TARATEC TR                                            
                  ADE MART                                                        
                                                                                  
                                                                                  
        23 Feb 2026 N/BARBP26054228771/BA S64567209 0.00     100.00 159463.52     
                  RB0LANSDO/TARATEC TR                                            
                  ADE MART                                                        
                                                                                  
        23 Feb 2026 UPI/444104228865/DR/HA S63999281 315.00   0.00 159363.52      
                                                                                  
                                                                                  
                                                                                  
                                                                                  
                                                                                  
                                                                                  
                                                                                  
                                                                                  
                                                                                  
        Date      Particulars      Chq No/Ref No Withdrawal Deposit Balance       
                                                                                  
                  TA/YESB/Q049778714@yb                                           
                  l                                                               
                                                                                  
        23 Feb 2026 UPI/083686525355/DR/GO S62960485 10000.00 0.00 159678.52      
                  PA/UCBA/351418651-3@i                                           
                  bl                                                              
                                                                                  
        23 Feb 2026 UPI/827105259994/DR/SH S56538159 2200.00  0.00 169678.52      
                  AI/BARB/336096693-4@a                                           
                  xl                                                              
                                                                                  
        23 Feb 2026 UPI/642059967605/CR/DE S56333714 0.00  70000.00 171878.52     
                  EP/BARB/ce24k-1@okicici/f                                       
                  und                                                             
                                                                                  
        23 Feb 2026 UPI/642011264453/CR/S K S56323570 0.00 100000.00 101878.52    
                  /BARB/ance24k@okicici/fun                                       
                  d                                                               
                                                                                  
        23 Feb 2026 UPI/747815295149/DR/SH S55917549 650.00   0.00  1878.52       
                  AI/BARB/336096693-4@y                                           
                  bl                                                              
                                                                                  
                                                                                  
        23 Feb 2026 UPI/434118582507/DR/Del S54114158 2515.00 0.00  2528.52       
                  h/YESB/hivery123@ptybl                                          
                                                                                  
        23 Feb 2026 UPI/501062499904/CR/JOY S50675511 0.00  5000.00 5043.52       
                  /SBIN/7483999819@ybl/Pa                                         
                  yme                                                             
                                                                                  
        22 Feb 2026 UPI/357865645658/DR/BIB S49979020 5000.00 0.00    43.52       
                  E/SBIN/dation-22@oksbi                                          
                                                                                  
        22 Feb 2026 UPI/897783425976/DR/SH S45601343 5000.00  0.00  5043.52       
                  AI/BARB/336096693-4@a                                           
                  xl                                                              
                                                                                  
        22 Feb 2026 UPI/059906252027/DR/SH S44417093 2000.00  0.00 10043.52       
                  AI/BARB/336096693-4@y                                           
                  bl                                                              
                                                                                  
        22 Feb 2026 UPI/798469028588/DR/SH S43369930 10000.00 0.00 12043.52       
                  AI/BARB/336096693-4@a                                           
                  xl                                                              
                                                                                  
        22 Feb 2026 UPI/069912928184/DR/Pri S43135588 10000.00 0.00 22043.52      
                  y/SBIN/ndol605@okicici                                          
                                                                                  
        22 Feb 2026 UPI/862974667598/DR/SH S40067377 2000.00  0.00 32043.52       
                  AI/BARB/336096693-4@a                                           
                  xl                                                              
                                                                                  
                                                                                  
                                                                                  
                                                                                  
                                                                                  
                                                                                  
                                                                                  
                                                                                  
                                                                                  
                                                                                  
        Date      Particulars      Chq No/Ref No Withdrawal Deposit Balance       
                                                                                  
        22 Feb 2026 UPI/728057799398/DR/RA S38147215 430.00   0.00 34043.52       
                  JA/PUNB/y199010@okicici                                         
                                                                                  
        21 Feb 2026 UPI/966491927868/DR/HA S36238224 284.00   0.00 34473.52       
                  TA/YESB/Q049778714@yb                                           
                  l                                                               
                                                                                  
        21 Feb 2026 UPI/251822391554/DR/Ba S35940474 1200.00  0.00 34757.52       
                  nk/UBIN/56990201000324                                          
                  5                                                               
                                                                                  
        21 Feb 2026 UPI/068684300871/DR/SA S30338290 2000.00  0.00 35957.52       
                  NT/SBIN/9331050424@ybl                                          
                                                                                  
        21 Feb 2026 UPI/605242821987/CR/BIB S29119635 0.00 30000.00 37957.52      
                  E/SBIN/ation-29@okaxis/TR                                       
                  F                                                               
                                                                                  
                                                                                  
        21 Feb 2026 UPI/214307383899/DR/CO S28639102 2062.00  0.00  7957.52       
                  NF/AIRP/to.payu@mairtel                                         
                                                                                  
        21 Feb 2026 UPI/892227289430/DR/CO S28563635 765.00   0.00 10019.52       
                  NF/AIRP/to.payu@mairtel                                         
                                                                                  
        21 Feb 2026 ATM CASH TXN/INDUSIND S27240303 10000.00  0.00 10784.52       
                  BANK LIMITED KOLKATA                                            
                  WB                                                              
                                                                                  
        21 Feb 2026 ATM CASH TXN/INDUSIND S27222680 20000.00  0.00 20784.52       
                  BANK LIMITED KOLKATA                                            
                  WB                                                              
                                                                                  
        21 Feb 2026 UPI/296791927412/DR/BO S25642151 10000.00 0.00 40784.52       
                  B /UTIB/ds.rzp@axisbank                                         
                                                                                  
        20 Feb 2026 UPI/882339680561/DR/HA S22197105 284.00   0.00 50784.52       
                  TA/YESB/Q049778714@yb                                           
                  l                                                               
                                                                                  
        20 Feb 2026 UPI/496664116307/DR/AS S22053004 699.00   0.00 51068.52       
                  TR/YESB/kGKesbz@yesban                                          
                  k                                                               
                                                                                  
        20 Feb 2026 UPI/300434825324/DR/SH S21786817 2000.00  0.00 51767.52       
                  AI/BARB/336096693-4@a                                           
                  xl                                                              
                                                                                  
                                                                                  
        20 Feb 2026 UPI/413901030516/DR/Go S19575939 650.00   0.00 53767.52       
                  og/UTIB/ystore@axisbank                                         
                                                                                  
        20 Feb 2026 UPI/641734727997/CR/BIB S17407408 0.00 20000.00 54417.52      
                                                                                  
                                                                                  
                                                                                  
                                                                                  
                                                                                  
                                                                                  
                                                                                  
                                                                                  
                                                                                  
        Date      Particulars      Chq No/Ref No Withdrawal Deposit Balance       
                                                                                  
                  E/BARB/ation-11@okaxis/U                                        
                  PI                                                              
                                                                                  
        20 Feb 2026 UPI/568099991862/DR/SU S12097739 5000.00  0.00 34417.52       
                  BH/YESB/Q718872163@yb                                           
                  l                                                               
                                                                                  
        20 Feb 2026 UPI/292194737043/DR/SU S12085089 8100.00  0.00 39417.52       
                  BH/YESB/Q718872163@yb                                           
                  l                                                               
                                                                                  
        19 Feb 2026 NFS CASH TXN/IN/RAMPA S6648347 10000.00   0.00 47517.52       
                  MB PO TARAPITH PSRAM                                            
                  PURHAT                                                          
                                                                                  
        19 Feb 2026 UPI/886178174584/DR/GO S99886301 23500.00 0.00 57517.52       
                  PI/SBIN/434556315@ptsbi                                         
                                                                                  
                                                                                  
        19 Feb 2026 UPI/462246309669/DR/BO S97439321 10000.00 0.00 81017.52       
                  B /HDFC/ds.rzp@hdfcbank                                         
                                                                                  
        19 Feb 2026 UPI/116004270506/DR/Go S94448464 89.00    0.00 91017.52       
                  og/UTIB/ystore@axisbank                                         
                                                                                  
        18 Feb 2026 UPI/874788843958/DR/SH S91689381 1000.00  0.00 91106.52       
                  AI/BARB/336096693-4@a                                           
                  xl                                                              
                                                                                  
        18 Feb 2026 UPI/429529717877/DR/SA S91441227 1000.00  0.00 92106.52       
                  MA/INDB/6297139704@yb                                           
                  l                                                               
                                                                                  
        18 Feb 2026 UPI/342480873019/CR/SU S89517077 0.00  70000.00 93106.52      
                  BH/SBIN/ubhajit3861@axl/                                        
                  Paym                                                            
                                                                                  
        18 Feb 2026 UPI/662885152556/DR/AR S82199860 9999.00  0.00 23106.52       
                  TH/UTIB/e.payu@axisbank                                         
                                                                                  
        18 Feb 2026 UPI/631218186136/DR/Ba S80485070 5000.00  0.00 33105.52       
                  nk/UBIN/56990201000324                                          
                  5                                                               
                                                                                  
        18 Feb 2026 R/INDBR32026021800453 S80150277 200000.00 0.00 38105.52       
                  751/SBIN/NIKHIL CHANDR                                          
                  A                                                               
                                                                                  
                                                                                  
        18 Feb 2026 R/INDBR32026021800453 S80140225 200000.00 0.00 238105.52      
                  743/SBIN/NIKHIL CHANDR                                          
                  A                                                               
                                                                                  
                                                                                  
                                                                                  
                                                                                  
                                                                                  
                                                                                  
                                                                                  
                                                                                  
                                                                                  
                                                                                  
        Date      Particulars      Chq No/Ref No Withdrawal Deposit Balance       
                                                                                  
        18 Feb 2026 IMPS/P2A/604906753468/ S79851786 0.00 368000.00 438105.52     
                  BARB/MISTUCREATION                                              
                                                                                  
        18 Feb 2026 UPI/109214001674/DR/BO S79392614 99.00    0.00 70105.52       
                  RN/ICIC/04556.rzp@icici                                         
                                                                                  
        17 Feb 2026 UPI/695155605127/DR/AR S78975650 10000.00 0.00 70204.52       
                  TH/UTIB/e.payu@axisbank                                         
                                                                                  
        17 Feb 2026 UPI/915367615520/CR/JOY S78870933 0.00 18000.00 80204.52      
                  /SBIN/7483999819@ybl/Pa                                         
                  yme                                                             
                                                                                  
        17 Feb 2026 UPI/906638072921/DR/Go S75112916 10000.00 0.00 62204.52       
                  od/AIRP/rd.payu@mairtel                                         
                                                                                  
                                                                                  
        17 Feb 2026 UPI/478366138713/DR/GO S72550631 4000.00  0.00 72204.52       
                  PA/UCBA/351418651-3@i                                           
                  bl                                                              
                                                                                  
        17 Feb 2026 UPI/958956375100/DR/Ba S70514314 2000.00  0.00 76204.52       
                  nk/SBIN/34607778355                                             
                                                                                  
        17 Feb 2026 UPI/604842726264/DR/SA S70123030 99.00    0.00 78204.52       
                  NA/YESB/2UX88ATL3DV@                                            
                  ybl                                                             
                                                                                  
        17 Feb 2026 UPI/997767324030/DR/AN S69686326 21000.00 0.00 78303.52       
                  AN/SBIN/9830065055@ybl                                          
                                                                                  
        17 Feb 2026 UPI/725695807569/DR/KRI S69496674 4600.00 0.00 99303.52       
                  S/BARB/874561521-3@ybl                                          
                                                                                  
        17 Feb 2026 UPI/139509889820/DR/TA S68395365 26000.00 0.00 103903.52      
                  PA/BKID/3452@okhdfcban                                          
                  k                                                               
                                                                                  
        16 Feb 2026 UPI/126913379535/DR/Ba S63786989 25000.00 0.00 129903.52      
                  nk/BARB/0031050000374                                           
                  3                                                               
                                                                                  
        16 Feb 2026 UPI/849132598955/DR/GO S63785465 10000.00 0.00 154903.52      
                  PI/SBIN/434556315@ptsbi                                         
                                                                                  
                                                                                  
        16 Feb 2026 N/INDBH17022712185/SBI S63640033 100000.00 0.00 164903.52     
                  N/NIKHIL CHANDRA DAS..                                          
                                                                                  
        16 Feb 2026 UPI/260749793691/DR/PA S63613416 5000.00  0.00 264903.52      
                  RT/UBIN/th10@okhdfcbank                                         
                                                                                  
        16 Feb 2026 N/BARBY26047509216/BA S62883584 0.00  200000.00 269903.52     
                                                                                  
                                                                                  
                                                                                  
                                                                                  
                                                                                  
                                                                                  
                                                                                  
                                                                                  
                                                                                  
        Date      Particulars      Chq No/Ref No Withdrawal Deposit Balance       
                                                                                  
                  RB0CHARUM/MISTU CREA                                            
                  TION                                                            
                                                                                  
        16 Feb 2026 ATM CASH TXN/INDUSIND S62110907 15000.00  0.00 69903.52       
                  BANK LIMITED KOLKATA                                            
                  WB                                                              
                                                                                  
        16 Feb 2026 ATM CASH TXN/INDUSIND S62082293 15000.00  0.00 84903.52       
                  BANK LIMITED KOLKATA                                            
                  WB                                                              
                                                                                  
        16 Feb 2026 UPI/238237125854/DR/SU S61874661 100.00   0.00 99903.52       
                  BH/BARB/bhash.sarka@ybl                                         
                                                                                  
        16 Feb 2026 IMPS/P2A/604718922560/ S58841736 0.00  99900.00 100003.52     
                  ANDB/BASUENTERPRISE                                             
                                                                                  
                                                                                  
        16 Feb 2026 IMPS/P2A/604718921690/ S58763600 0.00    100.00  103.52       
                  ANDB/BASUENTERPRISE                                             
                                                                                  
        13 Feb 2026 UPI/177927152500/DR/Ba S6215731 1.00      0.00    3.52        
                  nk/BARB/0711010000493                                           
                  9                                                               
                                                                                  
        12 Feb 2026 UPI/109180352375/DR/So S94090090 399.00   0.00    4.52        
                  ny/ICIC/es14.payu@icici                                         
                                                                                  
        11 Feb 2026 UPI/416737351293/CR/PO S82087886 0.00    160.00  403.52       
                  UL/CNRB/007487587-2@y                                           
                  bl/Paym                                                         
                                                                                  
        10 Feb 2026 UPI/604109506101/DR/SA S60132485 99.00    0.00   243.52       
                  NA/YESB/2UX88ATL3DV@                                            
                  ybl                                                             
                                                                                  
        10 Feb 2026 UPI/295661410048/DR/Ba S55553291 500.00   0.00   342.52       
                  nk/BARB/5717010000243                                           
                  0                                                               
                                                                                  
        09 Feb 2026 UPI/551407286159/DR/HA S52364734 376.00   0.00   842.52       
                  TA/YESB/Q049778714@yb                                           
                  l                                                               
                                                                                  
        08 Feb 2026 UPI/162845266832/DR/Rin S36629721 350.00  0.00  1218.52       
                  k/BARB/8017695671@ybl                                           
                                                                                  
                                                                                  
        08 Feb 2026 UPI/603941554634/CR/DIP S34302448 0.00  1000.00 1568.52       
                  E/BARB/dass2014@okaxis/                                         
                  UPI                                                             
                                                                                  
        06 Feb 2026 UPI/718184896216/DR/CO S2545089 740.00    0.00   568.52       
                                                                                  
                                                                                  
                                                                                  
                                                                                  
                                                                                  
                                                                                  
                                                                                  
                                                                                  
                                                                                  
        Date      Particulars      Chq No/Ref No Withdrawal Deposit Balance       
                                                                                  
                  OK/YESB/Q104630340@yb                                           
                  l                                                               
                                                                                  
        06 Feb 2026 UPI/534659185051/DR/SU S95524642 2575.00  0.00  1308.52       
                  PR/SBIN/ikmithu40@oksbi                                         
                                                                                  
        05 Feb 2026 UPI/636599964484/DR/HA S88557002 284.00   0.00  3883.52       
                  TA/YESB/Q049778714@yb                                           
                  l                                                               
                                                                                  
        05 Feb 2026 UPI/324987485519/DR/SU S87429818 1500.00  0.00  4167.52       
                  BH/BARB/bhash.sarka@ybl                                         
                                                                                  
        05 Feb 2026 UPI/603659489530/CR/SO S85243693 0.00    290.00 5667.52       
                  UV/SBIN/mighatak3@oksbi/                                        
                  UPI                                                             
                                                                                  
                                                                                  
        05 Feb 2026 UPI/920676394303/DR/Sy S83151474 1.18     0.00  5377.52       
                  ne/UTIB/090184@pineaxis                                         
                                                                                  
        05 Feb 2026 UPI/691945467730/DR/Tal S82642309 885.00  0.00  5378.70       
                  l/INDB/iaqr.payu@indus                                          
                                                                                  
        05 Feb 2026 UPI/187944556771/DR/Sy S82480004 1.18     0.00  6263.70       
                  ne/UTIB/090184@pineaxis                                         
                                                                                  
        05 Feb 2026 UPI/448431125069/DR/Sri S77259459 851.00  0.00  6264.88       
                  m/AIRP/98.rzp@rxairtel                                          
                                                                                  
        05 Feb 2026 UPI/672582093976/DR/Sri S74904524 851.00  0.00  7115.88       
                  m/UTIB/8943.rzp@rxaxis                                          
                                                                                  
        05 Feb 2026 UPI/603613223901/DR/Go S72469042 99.00    0.00  7966.88       
                  od/YESB/ICARDONLINE@y                                           
                  bl                                                              
                                                                                  
        04 Feb 2026 UPI/603697812106/DR/CR S72066187 99.00    0.00  8065.88       
                  AF/YESB/RAFTOONLINE@                                            
                  ybl                                                             
                                                                                  
        04 Feb 2026 UPI/640150277363/CR/KO S70138295 0.00    950.00 8164.88       
                  US/BARB/shik272@okicici/k                                       
                  ous                                                             
                                                                                  
                                                                                  
        04 Feb 2026 UPI/115339433814/DR/Ph S65858710 1271.00  0.00  7214.88       
                  on/YESB/44230219611@y                                           
                  bl                                                              
                                                                                  
        04 Feb 2026 UPI/729571002996/DR/Blu S64086544 1375.00 0.00  8485.88       
                  e/AIRP/52.rzp@rxairtel                                          
                                                                                  
                                                                                  
                                                                                  
                                                                                  
                                                                                  
                                                                                  
                                                                                  
                                                                                  
                                                                                  
                                                                                  
        Date      Particulars      Chq No/Ref No Withdrawal Deposit Balance       
                                                                                  
        04 Feb 2026 UPI/281983067071/CR/JOY S63745911 0.00  9600.00 9860.88       
                  /SBIN/7483999819@ybl/Pa                                         
                  yme                                                             
                                                                                  
        03 Feb 2026 UPI/603421497835/CR/Bh S54678660 0.00    200.00  260.88       
                  as/KKBK/662551@kotak81                                          
                  1/UPI                                                           
                                                                                  
        03 Feb 2026 UPI/523512773226/DR/BO S51206510 10000.00 0.00    60.88       
                  B /HDFC/ds.rzp@hdfcbank                                         
                                                                                  
        03 Feb 2026 UPI/393112511349/DR/Pri S48309270 2000.00 0.00 10060.88       
                  y/SBIN/ndal88270@oksbi                                          
                                                                                  
        03 Feb 2026 UPI/603489446652/CR/BIB S48198854 0.00 10000.00 12060.88      
                  E/SBIN/ndation-2@oksbi/TR                                       
                  F                                                               
                                                                                  
                                                                                  
        03 Feb 2026 UPI/603488429332/DR/SA S46652117 99.00    0.00  2060.88       
                  NA/YESB/2UX88ATL3DV@                                            
                  ybl                                                             
                                                                                  
        03 Feb 2026 UPI/429434919443/DR/Air S43432107 352.00  0.00  2159.88       
                  t/YESB/LPREDIRECT1@ybl                                          
                                                                                  
        02 Feb 2026 UPI/306736730101/DR/HA S38373305 376.00   0.00  2511.88       
                  TA/YESB/Q049778714@yb                                           
                  l                                                               
                                                                                  
        02 Feb 2026 UPI/639979421116/CR/PR S38194109 0.00   1980.00 2887.88       
                  AK/UTIB/ha2000-4@okaxi                                          
                  s/UPI                                                           
                                                                                  
        02 Feb 2026 UPI/532447799918/DR/SO S29380562 499.00   0.00   907.88       
                  UR/IPOS/8420@okhdfcban                                          
                  k                                                               
                                                                                  
        02 Feb 2026 UPI/603328548029/DR/Se S27194237 199.00   0.00  1406.88       
                  ek/YESB/IROHIONLINE@yb                                          
                  l                                                               
                                                                                  
        02 Feb 2026 UPI/668642664642/DR/Ba S26122364 1000.00  0.00  1605.88       
                  nk/BARB/5717010000243                                           
                  0                                                               
                                                                                  
        01 Feb 2026 UPI/603249314395/CR/Mrs S15196226 0.00  1395.00 2605.88       
                  /IDIB/kdar46-1@okaxis/UPI                                       
                                                                                  
        01 Feb 2026 UPI/261796124166/DR/SH S10839316 2000.00  0.00  1210.88       
                  AI/BARB/336096693-4@a                                           
                  xl                                                              
                                                                                  
                                                                                  
                                                                                  
                                                                                  
                                                                                  
                                                                                  
                                                                                  
                                                                                  
                                                                                  
                                                                                  
                                                                                  
       This is a computer generated statement and does not require signature. For any queries of details on out of products & services, please call our
       Phones Banking Numbers : 1860-267-7777.(within INDIA) and +91 22 4406 6666 (Outside India) or write to us at ”reachus@indusind.com” or
       visit us at www.indusind.com.                                              
       *Service Tax Registration Number AAACI1314GST001. *Any discrepancies in this statement may kind be brought to the notice of the bank within
       seven days.                                                                
       *This is a computer generated statement and so valid without signature.    
       Registered office : INDUSIND BANK LTD, 2401, General Thimmayya Road (Cantonment), Maharashtra Pune - 41101. Corporate Identify Number
       (CIN) : L65191PN1994PLC076333                                              
       Acronyms: MICR :Magnetic Ink Character recognition, IFSC Code :Indian Financial System Code, NEFT :National Electronic Fund Transfer, RTGS
       :Real Time Gross Settlement, ECS :Electronic Clearance Service, TDS :Tax Deduction at Source, IMPS :Immediate Payment Service, MMID :Mobile
       Money Identification Number, POS :Point of Sale, TXN :Transaction, ATM :Automated Teller Machine, PG :Payment Gateway, GST :Goods and
       Services Tax                                                               
                                                                                  
                                                                                  
           This statement is downloaded from INDIE mobile application on 23 June, 2026 at 12.26 PM
                                                                                  
                                 Grievance Officer details                        
        https://www.indusind.com/content/dam/regulatoryDisclosure/grievanceRedressal/grievance-redressal-
                                                                                  
                                    mechanism.pdf                                 
                                                                                  
                                                                                  
                                                                                  
                                                                                  
                                                                                  
                                                                                  
                                                                                  
                                                                                  
                                                                                  
                                                                                  
                                                                                  
                                                                                  
                                                                                  
                                                                                  
                                                                                  
                                                                                  
                                                                                  
                                                                                  
                                                                                  
                                                                                  
                                                                                  
                                                                                  
                                                                                  
                                                                                  
                                                                                  
                                                                                  
                                                                                  
                                                                                  
                                                                                  
                                                                                  
                                                                                  
                                                                                  
                                                                                  
                                                                                  
                                                                                  
                                                                                  
                                                                                  
                                                                                  

